x_value,total_1,total_2
0,1000,1000
43,1071,1014
1,995,999
44,1073,1012
2,993,998
45,1075,1010
3,996,994
46,1072,1011
4,993,993
47,1066,1012
5,997,995
48,1070,1018
6,1002,998
49,1078,1019
7,1002,1001
50,1073,1024
8,1009,996
51,1076,1027
9,1011,996
52,1080,1026
10,1012,992
53,1080,1023
11,1019,991
54,1077,1029
12,1023,987
55,1071,1025
13,1024,984
56,1076,1029
14,1029,987
57,1077,1034
15,1026,991
58,1079,1035
16,1024,993
59,1073,1037
17,1026,989
60,1081,1033
18,1027,986
61,1076,1035
19,1034,985
62,1073,1033
20,1038,991
63,1070,1035
21,1042,992
64,1066,1041
22,1037,994
65,1073,1037
23,1034,997
66,1076,1041
24,1029,994
67,1077,1039
25,1034,1000
68,1081,1045
26,1040,1002
69,1083,1043
27,1036,1006
70,1088,1041
28,1043,1010
71,1096,1047
29,1048,1007
72,1099,1046
30,1050,1005
73,1104,1043
31,1053,1003
74,1107,1039
32,1048,1001
75,1103,1042
33,1043,999
76,1103,1047
34,1046,1004
77,1107,1045
35,1048,1004
78,1113,1049
36,1053,1009
79,1115,1054
37,1054,1006
80,1122,1060
38,1056,1009
81,1129,1061
39,1055,1004
82,1123,1062
40,1053,1002
83,1125,1063
41,1053,1004
84,1122,1062
42,1051,1004
85,1120,1059
43,1056,1008
86,1127,1062
44,1052,1005
87,1121,1062
45,1051,1005
88,1124,1068
46,1051,1005
89,1128,1074
47,1058,1005
90,1125,1074
48,1054,1000
91,1124,1072
49,1060,1006
92,1123,1072
50,1057,1010
93,1129,1077
94,1123,1079
95,1117,1077
96,1113,1079
97,1118,1080
98,1112,1076
99,1116,1074
100,1124,1069
101,1122,1071
102,1127,1070
103,1125,1075
104,1119,1070
105,1115,1065
106,1112,1067
107,1116,1063
108,1120,1059
109,1126,1059
110,1129,1056
111,1133,1054
112,1135,1051
113,1142,1055
114,1137,1056
115,1139,1061
116,1138,1065
117,1134,1063
118,1128,1061
119,1126,1057
120,1129,1059
121,1126,1061
122,1128,1058
123,1131,1054
124,1132,1057
125,1129,1060
126,1128,1061
127,1131,1057
128,1136,1053
129,1140,1053
130,1135,1049
131,1135,1046
132,1136,1051
133,1144,1053
134,1144,1055
135,1152,1061
136,1160,1061
137,1162,1063
138,1166,1063
139,1162,1058
140,1164,1063
141,1159,1058
142,1154,1058
143,1157,1053
144,1152,1058
145,1155,1062
146,1160,1064
147,1158,1062
148,1161,1060
149,1160,1058
150,1163,1053
151,1167,1059
152,1174,1056
153,1171,1059
154,1172,1055
155,1179,1061
156,1187,1060
157,1184,1057
158,1185,1062
159,1186,1057
160,1180,1059
161,1183,1059
162,1180,1054
163,1187,1060
164,1194,1062
165,1201,1067
166,1200,1070
167,1208,1066
168,1204,1069
169,1199,1070
170,1195,1065
171,1196,1069
172,1200,1067
173,1202,1062
174,1199,1058
175,1193,1054
176,1189,1055
177,1193,1057
178,1201,1055
179,1207,1056
180,1210,1052
181,1213,1049
182,1211,1054
183,1213,1058
184,1217,1059
185,1217,1063
186,1222,1058
187,1230,1053
188,1232,1057
189,1237,1055
190,1242,1061
191,1245,1058
192,1252,1058
193,1250,1064
194,1245,1068
195,1244,1063
196,1247,1059
197,1252,1064
198,1248,1061
199,1243,1066
200,1237,1061
201,1245,1064
202,1247,1068
203,1254,1073
204,1252,1072
205,1256,1076
206,1264,1075
207,1266,1079
208,1267,1077
209,1263,1076
210,1264,1073
211,1260,1072
212,1261,1078
213,1263,1074
214,1265,1071
215,1268,1069
216,1266,1066
217,1265,1070
218,1272,1073
219,1270,1075
220,1273,1072
221,1270,1073
222,1268,1069
223,1263,1065
224,1260,1066
225,1256,1065
226,1259,1066
227,1260,1066
228,1259,1070
229,1256,1073
230,1253,1076
231,1255,1073
232,1261,1073
233,1269,1074
234,1276,1075
235,1278,1081
236,1273,1077
237,1280,1072
238,1280,1069
239,1281,1075
240,1282,1072
241,1287,1071
242,1285,1069
243,1287,1072
244,1284,1076
245,1286,1077
246,1287,1075
247,1284,1070
248,1284,1072
249,1288,1071
250,1284,1070
251,1286,1069
252,1285,1069
253,1279,1069
254,1277,1068
255,1283,1063
256,1289,1065
257,1288,1061
258,1296,1060
259,1298,1065
260,1295,1067
261,1289,1069
262,1286,1066
263,1286,1062
264,1284,1066
265,1280,1067
266,1279,1073
267,1281,1074
268,1286,1079
269,1281,1081
270,1277,1085
271,1285,1080
272,1286,1082
273,1287,1079
274,1287,1085
275,1287,1091
276,1284,1092
277,1287,1087
278,1281,1086
279,1289,1086
280,1291,1081
281,1296,1084
282,1290,1080
283,1296,1077
284,1301,1079
285,1300,1083
286,1301,1083
287,1306,1078
288,1310,1084
289,1307,1079
290,1308,1083
291,1310,1079
292,1310,1082
293,1309,1079
294,1311,1084
295,1307,1084
296,1308,1080
297,1308,1083
298,1311,1084
299,1319,1086
300,1319,1088
301,1315,1093
302,1309,1096
303,1310,1101
304,1307,1104
305,1313,1100
306,1320,1101
307,1320,1101
308,1318,1107
309,1321,1110
310,1328,1107
311,1333,1103
312,1332,1101
313,1340,1104
314,1337,1104
315,1340,1100
316,1340,1097
317,1346,1099
318,1347,1102
319,1351,1100
320,1348,1095
321,1346,1101
322,1343,1099
323,1349,1102
324,1355,1108
325,1349,1106
326,1345,1103
327,1340,1098
328,1336,1101
329,1339,1107
330,1345,1112
331,1342,1112
332,1337,1117
333,1339,1118
334,1339,1123
335,1341,1119
336,1346,1117
337,1351,1116
338,1358,1114
339,1361,1114
340,1359,1112
341,1360,1113
342,1363,1113
343,1363,1111
344,1367,1113
345,1361,1119
346,1361,1118
347,1363,1117
348,1368,1123
349,1362,1120
350,1367,1116
351,1367,1116
352,1373,1120
353,1369,1126
354,1367,1127
355,1368,1123
356,1369,1125
357,1373,1131
358,1372,1129
359,1379,1135
360,1376,1131
361,1383,1135
362,1386,1130
363,1394,1132
364,1395,1131
365,1402,1134
366,1410,1135
367,1413,1137
368,1412,1137
369,1413,1139
370,1410,1139
371,1418,1145
372,1419,1145
373,1424,1145
374,1425,1141
375,1420,1138
376,1417,1137
377,1412,1139
378,1413,1145
379,1412,1144
380,1415,1145
381,1423,1140
382,1420,1143
383,1428,1138
384,1425,1137
385,1424,1132
386,1431,1138
387,1432,1143
388,1427,1147
389,1425,1150
390,1427,1154
391,1430,1151
392,1429,1153
393,1429,1151
394,1432,1151
395,1427,1148
396,1421,1146
397,1417,1144
398,1416,1140
399,1413,1144
400,1412,1146
401,1407,1146
402,1405,1144
403,1403,1149
404,1408,1155
405,1406,1153
406,1407,1159
407,1413,1163
408,1411,1159
409,1416,1157
410,1421,1163
411,1418,1164
412,1412,1160
413,1408,1160
414,1412,1165
415,1406,1168
416,1411,1174
417,1406,1171
418,1414,1177
419,1408,1174
420,1406,1179
421,1400,1178
422,1395,1178
423,1397,1178
424,1400,1175
425,1405,1175
426,1403,1170
427,1401,1168
428,1409,1170
429,1417,1168
430,1411,1168
431,1418,1170
432,1426,1169
433,1427,1170
434,1435,1167
435,1443,1168
436,1438,1168
437,1432,1168
438,1434,1171
439,1442,1172
440,1442,1178
441,1444,1181
442,1441,1185
443,1441,1183
444,1438,1185
445,1432,1189
446,1437,1187
447,1435,1188
448,1431,1190
449,1431,1188
450,1437,1189
451,1440,1194
452,1445,1191
453,1450,1189
454,1453,1186
455,1449,1183
456,1448,1184
457,1448,1190
458,1445,1185
459,1442,1188
460,1438,1194
461,1435,1193
462,1429,1197
463,1426,1196
464,1432,1191
465,1436,1186
466,1441,1192
467,1435,1196
468,1439,1198
469,1442,1200
470,1449,1206
471,1455,1210
472,1450,1207
473,1455,1203
474,1461,1208
475,1463,1209
476,1462,1209
477,1462,1214
478,1464,1218
479,1462,1223
480,1467,1227
481,1472,1226
482,1473,1231
483,1468,1234
484,1468,1229
485,1466,1232
486,1460,1235
487,1463,1231
488,1467,1231
489,1465,1227
490,1459,1228
491,1456,1223
492,1460,1226
493,1465,1230
494,1461,1226
495,1460,1224
496,1456,1226
497,1451,1231
498,1451,1226
499,1454,1226
500,1460,1227
501,1458,1233
502,1462,1238
503,1460,1233
504,1456,1237
505,1454,1241
506,1462,1246
507,1464,1241
508,1458,1240
509,1458,1236
510,1454,1238
511,1449,1238
512,1450,1240
513,1453,1244
514,1460,1243
515,1460,1243
516,1456,1242
517,1460,1240
518,1456,1242
519,1460,1240
520,1461,1236
521,1468,1236
522,1470,1233
523,1468,1231
524,1464,1231
525,1464,1226
526,1470,1229
527,1464,1232
528,1464,1233
529,1464,1239
530,1469,1238
531,1468,1242
532,1466,1240
533,1462,1240
534,1464,1235
535,1466,1235
536,1463,1236
537,1467,1234
538,1473,1230
539,1480,1227
540,1478,1230
541,1482,1236
542,1488,1239
543,1488,1245
544,1492,1248
545,1495,1249
546,1499,1252
547,1503,1253
548,1510,1257
549,1507,1255
550,1512,1252
551,1516,1255
552,1511,1253
553,1519,1249
554,1520,1251
555,1524,1246
556,1529,1241
557,1535,1246
558,1540,1246
559,1539,1252
560,1539,1257
561,1545,1261
562,1548,1258
563,1544,1259
564,1544,1259
565,1543,1259
566,1545,1255
567,1544,1252
568,1551,1253
569,1553,1250
570,1558,1254
571,1560,1258
572,1556,1260
573,1563,1266
574,1558,1265
575,1565,1260
576,1573,1261
577,1577,1266
578,1578,1271
579,1583,1268
580,1589,1274
581,1583,1269
582,1581,1268
583,1584,1265
584,1578,1264
585,1579,1263
586,1585,1265
587,1584,1269
588,1578,1266
589,1581,1267
590,1585,1264
591,1592,1260
592,1598,1256
593,1600,1251
594,1607,1253
595,1604,1249
596,1612,1254
597,1619,1258
598,1620,1255
599,1620,1254
600,1628,1252
601,1633,1256
602,1633,1251
603,1632,1249
604,1640,1250
605,1648,1251
606,1654,1246
607,1656,1251
608,1654,1251
609,1657,1250
610,1663,1252
611,1664,1248
612,1670,1254
613,1669,1249
614,1677,1246
615,1682,1243
616,1679,1247
617,1674,1246
618,1679,1243
619,1681,1246
620,1684,1241
621,1681,1240
622,1676,1245
623,1682,1242
624,1684,1237
625,1678,1235
626,1680,1236
627,1687,1242
628,1690,1243
629,1692,1249
630,1696,1248
631,1693,1249
632,1689,1252
633,1684,1248
634,1681,1245
635,1676,1249
636,1672,1252
637,1671,1252
638,1670,1257
639,1674,1260
640,1673,1264
641,1676,1260
642,1677,1256
643,1675,1257
644,1671,1257
645,1677,1261
646,1673,1257
647,1681,1252
648,1680,1248
649,1679,1244
650,1681,1245
651,1682,1243
652,1680,1239
653,1676,1241
654,1676,1243
655,1684,1247
656,1687,1246
657,1684,1247
658,1690,1245
659,1684,1245
660,1679,1250
661,1686,1249
662,1692,1244
663,1687,1246
664,1688,1250
665,1691,1254
666,1692,1257
667,1689,1259
668,1689,1262
669,1684,1268
670,1687,1274
671,1689,1271
672,1691,1270
673,1698,1268
674,1695,1263
675,1702,1266
676,1708,1266
677,1713,1270
678,1713,1275
679,1715,1276
680,1721,1272
681,1727,1278
682,1731,1276
683,1739,1278
684,1745,1275
685,1743,1276
686,1738,1273
687,1743,1276
688,1738,1271
689,1736,1271
690,1744,1267
691,1748,1272
692,1751,1277
693,1749,1276
694,1744,1271
695,1750,1273
696,1751,1268
697,1748,1269
698,1754,1269
699,1762,1267
700,1768,1270
701,1771,1269
702,1771,1271
703,1779,1270
704,1777,1272
705,1785,1275
706,1781,1280
707,1787,1285
708,1795,1289
709,1797,1287
710,1791,1288
711,1787,1284
712,1784,1286
713,1791,1282
714,1791,1282
715,1794,1286
716,1792,1292
717,1794,1292
718,1794,1296
719,1798,1298
720,1795,1300
721,1791,1303
722,1793,1305
723,1796,1302
724,1794,1301
725,1791,1303
726,1789,1309
727,1797,1315
728,1800,1313
729,1806,1309
730,1803,1311
731,1805,1311
732,1813,1306
733,1809,1307
734,1807,1308
735,1812,1306
736,1811,1303
737,1816,1307
738,1813,1313
739,1812,1311
740,1819,1310
741,1821,1314
742,1825,1314
743,1826,1320
744,1821,1322
745,1822,1325
746,1817,1329
747,1813,1331
748,1818,1330
749,1814,1331
750,1810,1326
751,1807,1321
752,1813,1323
753,1820,1318
754,1824,1318
755,1824,1323
756,1827,1326
757,1822,1323
758,1821,1321
759,1821,1325
760,1826,1323
761,1827,1327
762,1834,1328
763,1829,1327
764,1836,1328
765,1837,1330
766,1842,1328
767,1845,1329
768,1850,1333
769,1857,1328
770,1857,1332
771,1853,1337
772,1856,1343
773,1854,1340
774,1851,1343
775,1851,1347
776,1856,1352
777,1863,1349
778,1869,1351
779,1868,1353
780,1876,1356
781,1871,1356
782,1867,1359
783,1873,1357
784,1867,1352
785,1871,1353
786,1876,1357
787,1871,1361
788,1875,1357
789,1869,1359
790,1874,1361
791,1879,1360
792,1873,1359
793,1869,1362
794,1865,1367
795,1860,1368
796,1867,1363
797,1867,1364
798,1874,1363
799,1871,1365
800,1876,1365
801,1883,1364
802,1884,1369
803,1878,1366
804,1883,1372
805,1879,1377
806,1886,1379
807,1882,1383
808,1884,1383
809,1890,1382
810,1885,1384
811,1881,1390
812,1880,1385
813,1886,1386
814,1892,1392
815,1889,1389
816,1897,1389
817,1892,1387
818,1893,1392
819,1891,1396
820,1889,1398
821,1895,1402
822,1889,1405
823,1895,1404
824,1903,1406
825,1898,1402
826,1892,1399
827,1899,1398
828,1901,1396
829,1901,1393
830,1900,1397
831,1901,1393
832,1906,1396
833,1912,1396
834,1914,1401
835,1919,1398
836,1925,1395
837,1930,1396
838,1924,1395
839,1923,1393
840,1919,1394
841,1917,1395
842,1917,1395
843,1918,1399
844,1913,1394
845,1911,1389
846,1911,1391
847,1914,1392
848,1916,1392
849,1916,1395
850,1919,1398
851,1916,1401
852,1916,1398
853,1913,1398
854,1908,1404
855,1915,1403
856,1919,1399
857,1918,1396
858,1920,1393
859,1919,1392
860,1921,1395
861,1916,1392
862,1923,1392
863,1929,1388
864,1936,1392
865,1943,1392
866,1948,1397
867,1955,1400
868,1956,1395
869,1964,1400
870,1965,1396
871,1970,1400
872,1966,1403
873,1960,1409
874,1967,1414
875,1965,1420
876,1968,1418
877,1974,1422
878,1972,1424
879,1971,1427
880,1979,1432
881,1984,1434
882,1991,1434
883,1991,1437
884,1991,1440
885,1994,1436
886,1998,1432
887,2006,1434
888,2001,1434
889,2004,1438
890,2005,1433
891,1999,1434
892,1997,1438
893,1996,1437
894,1990,1442
895,1989,1445
896,1983,1450
897,1990,1451
898,1994,1453
899,2002,1450
900,2001,1456
901,2009,1456
902,2006,1460
903,2012,1466
904,2017,1461
905,2018,1459
906,2015,1454
907,2020,1457
908,2025,1457
909,2027,1460
910,2028,1460
911,2027,1459
912,2026,1461
913,2032,1464
914,2032,1461
915,2038,1459
916,2035,1462
917,2040,1458
918,2048,1462
919,2042,1458
920,2050,1458
921,2054,1459
922,2056,1463
923,2054,1466
924,2049,1465
925,2043,1471
926,2038,1477
927,2044,1476
928,2040,1474
929,2039,1478
930,2034,1484
931,2035,1490
932,2031,1496
933,2033,1493
934,2031,1499
935,2039,1498
936,2045,1499
937,2051,1494
938,2057,1498
939,2051,1502
940,2051,1501
941,2050,1502
942,2053,1507
943,2048,1510
944,2049,1515
945,2050,1510
946,2045,1514
947,2043,1510
948,2038,1508
949,2038,1509
950,2042,1506
951,2039,1509
952,2043,1512
953,2049,1516
954,2045,1518
955,2051,1520
956,2049,1518
957,2047,1520
958,2042,1522
959,2041,1524
960,2048,1529
961,2049,1527
962,2054,1533
963,2052,1535
964,2051,1531
965,2051,1536
966,2052,1535
967,2060,1536
968,2066,1532
969,2060,1527
970,2058,1522
971,2052,1521
972,2054,1522
973,2060,1522
974,2064,1519
975,2058,1523
976,2057,1526
977,2055,1522
978,2058,1522
979,2054,1517
980,2056,1514
981,2057,1511
982,2055,1516
983,2050,1513
984,2049,1516
985,2049,1515
986,2049,1515
987,2052,1517
988,2047,1522
989,2042,1520
990,2047,1520
991,2043,1518
992,2045,1521
993,2042,1523
994,2050,1518
995,2053,1519
996,2053,1521
997,2055,1519
998,2059,1518
999,2062,1521
1000,2056,1525
1001,2059,1529
1002,2054,1525
1003,2050,1528
1004,2054,1529
1005,2048,1532
1006,2043,1531
1007,2042,1536
1008,2041,1533
1009,2039,1530
1010,2034,1536
1011,2028,1537
1012,2034,1532
1013,2028,1529
1014,2026,1535
1015,2031,1537
1016,2035,1536
1017,2035,1534
1018,2036,1533
1019,2030,1529
1020,2034,1527
1021,2036,1525
1022,2031,1526
1023,2033,1521
1024,2037,1523
1025,2035,1520
1026,2034,1525
1027,2037,1527
1028,2031,1529
1029,2038,1533
1030,2036,1537
1031,2033,1534
1032,2028,1538
1033,2024,1540
1034,2029,1537
1035,2030,1537
1036,2038,1539
1037,2039,1542
1038,2039,1548
1039,2034,1554
1040,2036,1550
1041,2033,1551
1042,2029,1556
1043,2037,1561
1044,2034,1558
1045,2041,1558
1046,2038,1558
1047,2045,1558
1048,2048,1559
1049,2053,1556
1050,2059,1554
1051,2064,1560
1052,2065,1560
1053,2066,1556
1054,2065,1554
1055,2060,1554
1056,2057,1551
1057,2056,1546
1058,2052,1548
1059,2058,1548
1060,2052,1550
1061,2057,1551
1062,2051,1551
1063,2057,1553
1064,2062,1555
1065,2060,1553
1066,2057,1555
1067,2065,1558
1068,2059,1561
1069,2062,1567
1070,2066,1570
1071,2061,1576
1072,2061,1579
1073,2061,1580
1074,2059,1583
1075,2063,1579
1076,2068,1577
1077,2066,1576
1078,2067,1573
1079,2068,1576
1080,2069,1582
1081,2077,1578
1082,2079,1580
1083,2079,1585
1084,2086,1587
1085,2084,1584
1086,2091,1589
1087,2096,1590
1088,2093,1591
1089,2101,1586
1090,2103,1590
1091,2098,1596
1092,2106,1600
1093,2105,1601
1094,2108,1607
1095,2116,1606
1096,2111,1609
1097,2105,1605
1098,2103,1611
1099,2111,1606
1100,2116,1607
1101,2123,1602
1102,2125,1605
1103,2123,1609
1104,2121,1615
1105,2116,1611
1106,2119,1613
1107,2115,1613
1108,2113,1613
1109,2108,1615
1110,2105,1616
1111,2112,1617
1112,2120,1613
1113,2128,1612
1114,2135,1616
1115,2142,1614
1116,2138,1611
1117,2144,1609
1118,2139,1607
1119,2134,1607
1120,2132,1607
1121,2126,1606
1122,2127,1612
1123,2123,1614
1124,2117,1614
1125,2125,1610
1126,2120,1605
1127,2117,1609
1128,2125,1612
1129,2119,1617
1130,2121,1621
1131,2126,1624
1132,2131,1625
1133,2131,1631
1134,2125,1635
1135,2127,1641
1136,2125,1645
1137,2126,1642
1138,2129,1641
1139,2136,1637
1140,2141,1639
1141,2139,1645
1142,2138,1641
1143,2138,1643
1144,2140,1643
1145,2135,1639
1146,2133,1643
1147,2133,1649
1148,2140,1651
1149,2139,1652
1150,2137,1655
1151,2139,1655
1152,2144,1653
1153,2142,1657
1154,2136,1657
1155,2130,1659
1156,2133,1665
1157,2134,1668
1158,2132,1664
1159,2136,1659
1160,2131,1665
1161,2127,1666
1162,2124,1661
1163,2119,1660
1164,2122,1656
1165,2121,1658
1166,2128,1653
1167,2135,1653
1168,2129,1658
1169,2136,1653
1170,2131,1651
1171,2135,1653
1172,2139,1650
1173,2139,1648
1174,2146,1652
1175,2154,1647
1176,2149,1653
1177,2146,1649
1178,2152,1655
1179,2156,1654
1180,2156,1652
1181,2157,1657
1182,2154,1657
1183,2153,1658
1184,2151,1657
1185,2147,1655
1186,2143,1661
1187,2139,1661
1188,2136,1664
1189,2134,1663
1190,2133,1665
1191,2137,1667
1192,2142,1667
1193,2143,1664
1194,2148,1661
1195,2150,1667
1196,2144,1668
1197,2138,1669
1198,2138,1675
1199,2139,1677
1200,2133,1682
1201,2129,1680
1202,2133,1675
1203,2134,1673
1204,2132,1675
1205,2139,1673
1206,2145,1670
1207,2147,1668
1208,2142,1666
1209,2150,1670
1210,2151,1674
1211,2152,1673
1212,2154,1675
1213,2160,1678
1214,2161,1674
1215,2161,1671
1216,2158,1669
1217,2161,1669
1218,2167,1670
1219,2164,1666
1220,2165,1665
1221,2166,1662
1222,2164,1658
1223,2171,1660
1224,2179,1663
1225,2173,1666
1226,2177,1661
1227,2180,1665
1228,2177,1668
1229,2175,1671
1230,2172,1667
1231,2170,1669
1232,2177,1666
1233,2183,1668
1234,2191,1668
1235,2193,1672
1236,2189,1676
1237,2185,1676
1238,2181,1677
1239,2181,1676
1240,2181,1674
1241,2178,1675
1242,2175,1681
1243,2170,1680
1244,2176,1676
1245,2171,1675
1246,2169,1672
1247,2163,1674
1248,2169,1676
1249,2170,1673
1250,2171,1676
1251,2178,1676
1252,2174,1673
1253,2173,1671
1254,2175,1677
1255,2178,1672
1256,2179,1673
1257,2187,1673
1258,2182,1674
1259,2184,1677
1260,2183,1678
1261,2186,1677
1262,2188,1673
1263,2189,1674
1264,2189,1679
1265,2193,1680
1266,2199,1682
1267,2196,1682
1268,2204,1688
1269,2206,1683
1270,2206,1686
1271,2213,1686
1272,2221,1687
1273,2225,1683
1274,2228,1685
1275,2234,1684
1276,2233,1682
1277,2238,1685
1278,2240,1681
1279,2235,1676
1280,2242,1673
1281,2248,1678
1282,2254,1674
1283,2261,1674
1284,2266,1671
1285,2274,1668
1286,2275,1673
1287,2273,1676
1288,2280,1675
1289,2277,1676
1290,2276,1679
1291,2273,1679
1292,2275,1674
1293,2282,1675
1294,2288,1671
1295,2283,1669
1296,2285,1675
1297,2287,1677
1298,2293,1677
1299,2295,1680
1300,2297,1678
1301,2292,1678
1302,2287,1684
1303,2287,1679
1304,2283,1678
1305,2278,1673
1306,2272,1672
1307,2274,1668
1308,2276,1663
1309,2278,1663
1310,2276,1663
1311,2272,1662
1312,2269,1663
1313,2271,1663
1314,2275,1669
1315,2274,1664
1316,2274,1665
1317,2269,1664
1318,2263,1665
1319,2265,1666
1320,2271,1668
1321,2270,1666
1322,2266,1670
1323,2264,1673
1324,2258,1679
1325,2256,1683
1326,2261,1678
1327,2261,1675
1328,2259,1678
1329,2259,1674
1330,2263,1669
1331,2261,1669
1332,2260,1671
1333,2259,1667
1334,2257,1663
1335,2263,1667
1336,2269,1664
1337,2270,1665
1338,2266,1669
1339,2269,1674
1340,2269,1676
1341,2274,1674
1342,2279,1677
1343,2278,1679
1344,2275,1674
1345,2269,1673
1346,2263,1675
1347,2269,1672
1348,2276,1677
1349,2276,1682
1350,2270,1688
1351,2274,1683
1352,2276,1678
1353,2277,1674
1354,2273,1671
1355,2268,1676
1356,2276,1671
1357,2274,1668
1358,2269,1665
1359,2274,1663
1360,2270,1662
1361,2274,1663
1362,2271,1663
1363,2265,1665
1364,2273,1667
1365,2269,1668
1366,2270,1667
1367,2271,1670
1368,2270,1676
1369,2271,1678
1370,2278,1683
1371,2283,1678
1372,2286,1677
1373,2285,1672
1374,2291,1678
1375,2288,1677
1376,2282,1679
1377,2289,1676
1378,2297,1682
1379,2302,1679
1380,2297,1685
1381,2297,1687
1382,2300,1688
1383,2306,1685
1384,2301,1684
1385,2304,1689
1386,2308,1693
1387,2309,1690
1388,2307,1685
1389,2311,1690
1390,2311,1692
1391,2308,1691
1392,2310,1688
1393,2305,1691
1394,2308,1689
1395,2308,1684
1396,2316,1685
1397,2313,1689
1398,2313,1685
1399,2310,1691
1400,2308,1691
1401,2315,1686
1402,2321,1684
1403,2323,1683
1404,2328,1679
1405,2325,1676
1406,2325,1679
1407,2326,1681
1408,2327,1683
1409,2335,1688
1410,2340,1691
1411,2334,1689
1412,2329,1695
1413,2326,1699
1414,2328,1705
1415,2332,1709
1416,2328,1715
1417,2322,1717
1418,2330,1714
1419,2336,1713
1420,2337,1711
1421,2331,1708
1422,2338,1714
1423,2341,1717
1424,2345,1715
1425,2349,1718
1426,2350,1715
1427,2358,1714
1428,2366,1719
1429,2371,1724
1430,2371,1726
1431,2378,1728
1432,2381,1725
1433,2388,1727
1434,2395,1724
1435,2397,1726
1436,2399,1731
1437,2402,1730
1438,2401,1733
1439,2409,1731
1440,2417,1732
1441,2417,1735
1442,2417,1734
1443,2413,1740
1444,2421,1744
1445,2427,1743
1446,2425,1749
1447,2426,1746
1448,2425,1752
1449,2428,1748
1450,2432,1749
1451,2436,1751
1452,2444,1747
1453,2446,1752
1454,2450,1757
1455,2445,1760
1456,2445,1763
1457,2443,1765
1458,2446,1769
1459,2452,1775
1460,2453,1780
1461,2458,1783
1462,2461,1787
1463,2468,1788
1464,2463,1790
1465,2457,1793
1466,2451,1788
1467,2447,1792
1468,2454,1791
1469,2460,1796
1470,2466,1793
1471,2467,1799
1472,2461,1795
1473,2460,1798
1474,2466,1798
1475,2468,1803
1476,2469,1800
1477,2463,1806
1478,2460,1807
1479,2467,1804
1480,2473,1804
1481,2471,1799
1482,2472,1798
1483,2476,1799
1484,2475,1802
1485,2470,1800
1486,2475,1804
1487,2475,1809
1488,2473,1810
1489,2470,1805
1490,2467,1800
1491,2464,1797
1492,2458,1797
1493,2456,1795
1494,2457,1797
1495,2454,1801
1496,2452,1801
1497,2447,1802
1498,2441,1800
1499,2442,1797
1500,2446,1799
1501,2447,1795
1502,2455,1801
1503,2454,1796
1504,2456,1797
1505,2462,1797
1506,2466,1795
1507,2461,1795
1508,2460,1800
1509,2458,1806
1510,2456,1812
1511,2456,1808
1512,2460,1804
1513,2462,1801
1514,2466,1797
1515,2470,1800
1516,2476,1805
1517,2481,1801
1518,2478,1806
1519,2484,1802
1520,2480,1805
1521,2478,1807
1522,2476,1806
1523,2476,1812
1524,2474,1808
1525,2469,1811
1526,2464,1806
1527,2463,1802
1528,2468,1801
1529,2465,1796
1530,2462,1797
1531,2469,1796
1532,2473,1800
1533,2469,1800
1534,2469,1801
1535,2477,1797
1536,2481,1799
1537,2480,1803
1538,2474,1803
1539,2477,1801
1540,2481,1802
1541,2482,1807
1542,2484,1813
1543,2489,1808
1544,2492,1807
1545,2495,1812
1546,2493,1810
1547,2494,1810
1548,2494,1815
1549,2490,1814
1550,2496,1816
1551,2496,1820
1552,2494,1823
1553,2488,1825
1554,2496,1824
1555,2501,1820
1556,2495,1826
1557,2501,1824
1558,2499,1826
1559,2505,1823
1560,2506,1821
1561,2513,1816
1562,2521,1821
1563,2525,1826
1564,2532,1825
1565,2536,1821
1566,2542,1821
1567,2539,1821
1568,2540,1822
1569,2542,1821
1570,2547,1824
1571,2555,1819
1572,2553,1814
1573,2547,1820
1574,2545,1815
1575,2553,1813
1576,2555,1810
1577,2550,1807
1578,2557,1806
1579,2562,1801
1580,2569,1800
1581,2577,1806
1582,2572,1804
1583,2569,1806
1584,2569,1801
1585,2575,1802
1586,2570,1804
1587,2573,1809
1588,2576,1811
1589,2577,1809
1590,2581,1806
1591,2581,1805
1592,2577,1804
1593,2585,1799
1594,2592,1799
1595,2599,1803
1596,2606,1809
1597,2603,1813
1598,2611,1813
1599,2607,1818
1600,2605,1821
1601,2607,1820
1602,2601,1816
1603,2605,1814
1604,2610,1816
1605,2605,1817
1606,2610,1821
1607,2605,1821
1608,2603,1826
1609,2603,1824
1610,2606,1820
1611,2612,1824
1612,2614,1819
1613,2610,1818
1614,2615,1823
1615,2616,1823
1616,2619,1824
1617,2616,1826
1618,2624,1825
1619,2622,1820
1620,2618,1823
1621,2612,1820
1622,2616,1819
1623,2623,1819
1624,2627,1822
1625,2635,1822
1626,2643,1818
1627,2638,1818
1628,2640,1820
1629,2634,1826
1630,2639,1821
1631,2646,1820
1632,2645,1816
1633,2650,1816
1634,2654,1815
1635,2655,1811
1636,2653,1809
1637,2654,1806
1638,2662,1809
1639,2656,1804
1640,2663,1799
1641,2667,1800
1642,2665,1799
1643,2666,1798
1644,2670,1793
1645,2672,1789
1646,2667,1788
1647,2665,1787
1648,2661,1785
1649,2655,1780
1650,2657,1785
1651,2655,1791
1652,2649,1786
1653,2650,1784
1654,2650,1780
1655,2647,1780
1656,2644,1775
1657,2639,1779
1658,2638,1778
1659,2644,1781
1660,2649,1782
1661,2647,1784
1662,2649,1786
1663,2654,1783
1664,2650,1781
1665,2645,1785
1666,2640,1780
1667,2638,1780
1668,2632,1780
1669,2635,1785
1670,2641,1784
1671,2647,1784
1672,2654,1783
1673,2662,1787
1674,2661,1792
1675,2662,1795
1676,2670,1801
1677,2667,1803
1678,2669,1808
1679,2672,1809
1680,2680,1812
1681,2684,1814
1682,2686,1816
1683,2686,1820
1684,2684,1818
1685,2690,1817
1686,2684,1814
1687,2680,1814
1688,2684,1812
1689,2680,1818
1690,2685,1823
1691,2689,1826
1692,2692,1831
1693,2686,1833
1694,2686,1838
1695,2690,1839
1696,2698,1838
1697,2704,1840
1698,2705,1836
1699,2705,1839
1700,2710,1835
1701,2707,1839
1702,2709,1839
1703,2707,1835
1704,2702,1830
1705,2710,1828
1706,2718,1830
1707,2720,1834
1708,2728,1838
1709,2728,1840
1710,2734,1843
1711,2736,1847
1712,2744,1845
1713,2743,1845
1714,2746,1840
1715,2753,1845
1716,2754,1849
1717,2757,1848
1718,2763,1844
1719,2757,1845
1720,2751,1847
1721,2750,1850
1722,2744,1845
1723,2741,1844
1724,2745,1839
1725,2751,1836
1726,2749,1839
1727,2753,1836
1728,2752,1832
1729,2751,1833
1730,2748,1834
1731,2752,1835
1732,2748,1836
1733,2747,1842
1734,2752,1848
1735,2747,1847
1736,2746,1843
1737,2746,1848
1738,2750,1853
1739,2755,1858
1740,2763,1860
1741,2762,1865
1742,2760,1863
1743,2756,1867
1744,2758,1872
1745,2761,1873
1746,2765,1874
1747,2765,1880
1748,2772,1875
1749,2774,1872
1750,2774,1875
1751,2770,1872
1752,2777,1874
1753,2775,1875
1754,2770,1877
1755,2764,1880
1756,2763,1877
1757,2762,1874
1758,2761,1877
1759,2767,1876
1760,2761,1876
1761,2758,1880
1762,2752,1880
1763,2747,1886
1764,2749,1887
1765,2756,1890
1766,2758,1894
1767,2758,1900
1768,2766,1896
1769,2765,1902
1770,2762,1907
1771,2767,1908
1772,2769,1912
1773,2764,1917
1774,2770,1920
1775,2777,1918
1776,2784,1913
1777,2782,1910
1778,2789,1908
1779,2793,1903
1780,2800,1900
1781,2805,1897
1782,2804,1899
1783,2802,1903
1784,2810,1908
1785,2814,1903
1786,2822,1902
1787,2820,1902
1788,2827,1906
1789,2832,1904
1790,2836,1899
1791,2841,1895
1792,2846,1896
1793,2854,1893
1794,2862,1896
1795,2863,1894
1796,2857,1894
1797,2855,1890
1798,2852,1895
1799,2857,1894
1800,2852,1890
1801,2860,1888
1802,2867,1886
1803,2867,1891
1804,2868,1889
1805,2874,1886
1806,2876,1883
1807,2875,1888
1808,2870,1894
1809,2867,1898
1810,2869,1896
1811,2873,1894
1812,2869,1894
1813,2865,1893
1814,2869,1898
1815,2876,1895
1816,2875,1891
1817,2874,1894
1818,2869,1898
1819,2875,1894
1820,2877,1891
1821,2879,1892
1822,2878,1897
1823,2872,1895
1824,2877,1892
1825,2881,1888
1826,2887,1893
1827,2881,1898
1828,2877,1896
1829,2872,1892
1830,2870,1894
1831,2875,1900
1832,2870,1895
1833,2876,1899
1834,2876,1902
1835,2871,1900
1836,2868,1896
1837,2863,1891
1838,2864,1891
1839,2867,1887
1840,2866,1888
1841,2862,1888
1842,2859,1887
1843,2864,1887
1844,2864,1883
1845,2872,1878
1846,2876,1882
1847,2876,1882
1848,2875,1882
1849,2879,1878
1850,2878,1876
1851,2884,1876
1852,2892,1882
1853,2897,1886
1854,2895,1883
1855,2899,1883
1856,2898,1883
1857,2898,1886
1858,2906,1890
1859,2902,1892
1860,2904,1895
1861,2910,1892
1862,2909,1887
1863,2916,1891
1864,2911,1887
1865,2907,1883
1866,2911,1887
1867,2909,1882
1868,2911,1877
1869,2909,1875
1870,2912,1875
1871,2912,1872
1872,2915,1875
1873,2918,1878
1874,2926,1883
1875,2928,1888
1876,2935,1883
1877,2931,1878
1878,2936,1876
1879,2932,1874
1880,2928,1870
1881,2926,1872
1882,2923,1876
1883,2928,1878
1884,2928,1884
1885,2927,1883
1886,2928,1889
1887,2931,1894
1888,2935,1896
1889,2938,1896
1890,2946,1902
1891,2949,1908
1892,2957,1913
1893,2951,1915
1894,2948,1918
1895,2953,1917
1896,2958,1917
1897,2955,1914
1898,2950,1910
1899,2945,1910
1900,2949,1912
1901,2952,1916
1902,2947,1913
1903,2955,1911
1904,2958,1916
1905,2961,1911
1906,2966,1914
1907,2961,1912
1908,2961,1908
1909,2959,1908
1910,2965,1906
1911,2969,1903
1912,2971,1909
1913,2972,1914
1914,2971,1917
1915,2978,1919
1916,2973,1915
1917,2975,1915
1918,2978,1919
1919,2982,1917
1920,2980,1917
1921,2976,1921
1922,2974,1924
1923,2976,1929
1924,2980,1927
1925,2982,1925
1926,2989,1931
1927,2984,1936
1928,2981,1934
1929,2975,1929
1930,2973,1926
1931,2976,1932
1932,2980,1933
1933,2988,1929
1934,2988,1927
1935,2982,1929
1936,2985,1927
1937,2991,1925
1938,2999,1920
1939,2997,1920
1940,2991,1916
1941,2991,1919
1942,2993,1919
1943,2996,1915
1944,2994,1910
1945,2996,1906
1946,2992,1905
1947,2987,1911
1948,2994,1913
1949,3002,1911
1950,3007,1910
1951,3005,1915
1952,3004,1921
1953,3009,1918
1954,3016,1919
1955,3015,1920
1956,3010,1918
1957,3012,1913
1958,3014,1915
1959,3018,1921
1960,3021,1920
1961,3017,1918
1962,3023,1919
1963,3017,1916
1964,3011,1913
1965,3016,1916
1966,3022,1913
1967,3025,1912
1968,3025,1907
1969,3024,1908
1970,3028,1912
1971,3029,1917
1972,3030,1921
1973,3031,1918
1974,3035,1922
1975,3030,1924
1976,3033,1926
1977,3037,1927
1978,3036,1931
1979,3044,1926
1980,3038,1929
1981,3034,1931
1982,3035,1937
1983,3043,1938
1984,3049,1942
1985,3043,1939
1986,3038,1934
1987,3041,1934
1988,3045,1932
1989,3041,1931
1990,3040,1931
1991,3038,1933
1992,3045,1928
1993,3041,1932
1994,3037,1935
1995,3033,1932
1996,3036,1934
1997,3041,1940
1998,3036,1938
1999,3043,1936
2000,3043,1932
2001,3051,1937
2002,3058,1934
2003,3055,1930
2004,3057,1934
2005,3063,1935
2006,3071,1941
2007,3071,1946
2008,3065,1949
2009,3067,1948
2010,3061,1950
2011,3062,1952
2012,3067,1948
2013,3068,1950
2014,3075,1950
2015,3070,1955
2016,3076,1959
2017,3081,1954
2018,3075,1954
2019,3082,1952
2020,3081,1949
2021,3080,1945
2022,3076,1950
2023,3079,1955
2024,3085,1950
2025,3081,1948
2026,3081,1954
2027,3075,1953
2028,3076,1958
2029,3071,1955
2030,3074,1958
2031,3073,1958
2032,3067,1963
2033,3070,1962
2034,3072,1965
2035,3072,1963
2036,3073,1968
2037,3081,1971
2038,3081,1971
2039,3078,1967
2040,3074,1964
2041,3074,1969
2042,3077,1973
2043,3085,1978
2044,3079,1981
2045,3077,1977
2046,3078,1973
2047,3079,1969
2048,3080,1965
2049,3075,1965
2050,3080,1971
2051,3076,1977
2052,3082,1982
2053,3083,1980
2054,3091,1976
2055,3096,1971
2056,3098,1973
2057,3103,1968
2058,3104,1969
2059,3108,1966
2060,3109,1966
2061,3108,1966
2062,3114,1962
2063,3109,1959
2064,3107,1955
2065,3110,1956
2066,3115,1956
2067,3117,1953
2068,3115,1952
2069,3115,1954
2070,3117,1960
2071,3121,1965
2072,3127,1964
2073,3121,1966
2074,3127,1966
2075,3126,1961
2076,3125,1964
2077,3124,1970
2078,3126,1973
2079,3120,1973
2080,3120,1974
2081,3120,1972
2082,3120,1972
2083,3121,1970
2084,3115,1972
2085,3116,1978
2086,3123,1976
2087,3118,1981
2088,3117,1985
2089,3115,1981
2090,3111,1984
2091,3112,1987
2092,3111,1986
2093,3118,1982
2094,3118,1981
2095,3116,1985
2096,3115,1988
2097,3119,1986
2098,3121,1981
2099,3121,1986
2100,3116,1990
2101,3121,1987
2102,3126,1987
2103,3128,1982
2104,3129,1977
2105,3124,1974
2106,3128,1970
2107,3126,1975
2108,3133,1973
2109,3134,1975
2110,3135,1976
2111,3141,1981
2112,3140,1985
2113,3141,1986
2114,3146,1986
2115,3141,1986
2116,3139,1989
2117,3138,1993
2118,3145,1994
2119,3142,1994
2120,3143,1992
2121,3148,1994
2122,3147,1999
2123,3155,2001
2124,3153,2002
2125,3158,2000
2126,3163,2004
2127,3167,2008
2128,3174,2014
2129,3177,2015
2130,3176,2013
2131,3171,2009
2132,3171,2013
2133,3168,2015
2134,3164,2017
2135,3161,2018
2136,3157,2018
2137,3158,2016
2138,3163,2015
2139,3164,2013
2140,3167,2008
2141,3164,2012
2142,3161,2010
2143,3167,2016
2144,3164,2012
2145,3166,2009
2146,3172,2004
2147,3175,2002
2148,3181,2006
2149,3186,2011
2150,3181,2014
2151,3179,2018
2152,3173,2021
2153,3170,2023
2154,3176,2027
2155,3182,2025
2156,3184,2024
2157,3189,2027
2158,3185,2031
2159,3193,2036
2160,3188,2031
2161,3188,2035
2162,3195,2037
2163,3196,2032
2164,3198,2030
2165,3202,2028
2166,3206,2033
2167,3208,2033
2168,3203,2038
2169,3208,2036
2170,3206,2034
2171,3210,2040
2172,3216,2038
2173,3218,2034
2174,3223,2034
2175,3228,2035
2176,3232,2039
2177,3233,2038
2178,3235,2043
2179,3234,2047
2180,3236,2051
2181,3237,2050
2182,3242,2056
2183,3249,2059
2184,3245,2059
2185,3242,2065
2186,3244,2070
2187,3247,2075
2188,3255,2077
2189,3254,2077
2190,3251,2082
2191,3247,2081
2192,3249,2084
2193,3243,2084
2194,3247,2082
2195,3248,2079
2196,3247,2077
2197,3245,2080
2198,3243,2075
2199,3246,2074
2200,3240,2069
2201,3241,2069
2202,3242,2071
2203,3245,2070
2204,3239,2067
2205,3241,2066
2206,3236,2072
2207,3240,2067
2208,3245,2068
2209,3244,2065
2210,3249,2066
2211,3247,2066
2212,3248,2068
2213,3252,2070
2214,3249,2071
2215,3243,2072
2216,3243,2068
2217,3238,2066
2218,3244,2066
2219,3241,2061
2220,3249,2061
2221,3246,2057
2222,3244,2053
2223,3245,2057
2224,3241,2054
2225,3235,2059
2226,3237,2065
2227,3239,2069
2228,3233,2065
2229,3229,2071
2230,3230,2071
2231,3234,2073
2232,3230,2069
2233,3234,2064
2234,3241,2067
2235,3248,2070
2236,3252,2072
2237,3248,2072
2238,3251,2078
2239,3259,2076
2240,3261,2077
2241,3267,2072
2242,3269,2078
2243,3272,2080
2244,3278,2076
2245,3274,2074
2246,3274,2077
2247,3270,2081
2248,3265,2080
2249,3264,2080
2250,3270,2083
2251,3267,2084
2252,3268,2080
2253,3267,2083
2254,3270,2089
2255,3266,2095
2256,3270,2092
2257,3265,2093
2258,3270,2098
2259,3276,2100
2260,3275,2105
2261,3283,2107
2262,3286,2102
2263,3284,2103
2264,3282,2098
2265,3280,2100
2266,3279,2097
2267,3286,2098
2268,3287,2103
2269,3288,2105
2270,3295,2108
2271,3299,2105
2272,3301,2111
2273,3296,2114
2274,3302,2115
2275,3309,2114
2276,3305,2112
2277,3307,2110
2278,3309,2111
2279,3311,2114
2280,3311,2118
2281,3310,2117
2282,3305,2119
2283,3307,2118
2284,3309,2124
2285,3308,2126
2286,3309,2121
2287,3310,2117
2288,3314,2119
2289,3322,2115
2290,3330,2119
2291,3326,2115
2292,3330,2113
2293,3327,2119
2294,3326,2125
2295,3330,2120
2296,3334,2118
2297,3332,2119
2298,3326,2119
2299,3328,2115
2300,3324,2120
2301,3327,2118
2302,3335,2114
2303,3343,2114
2304,3344,2116
2305,3346,2122
2306,3342,2118
2307,3336,2117
2308,3331,2113
2309,3334,2109
2310,3340,2112
2311,3338,2118
2312,3334,2115
2313,3334,2110
2314,3330,2108
2315,3331,2111
2316,3328,2117
2317,3327,2117
2318,3329,2120
2319,3324,2118
2320,3325,2124
2321,3319,2124
2322,3324,2125
2323,3330,2130
2324,3333,2131
2325,3329,2129
2326,3329,2131
2327,3328,2126
2328,3326,2128
2329,3325,2127
2330,3326,2122
2331,3329,2118
2332,3336,2121
2333,3330,2123
2334,3324,2122
2335,3318,2122
2336,3318,2125
2337,3319,2126
2338,3327,2129
2339,3321,2132
2340,3320,2132
2341,3324,2130
2342,3320,2134
2343,3318,2134
2344,3325,2140
2345,3333,2146
2346,3334,2150
2347,3330,2154
2348,3325,2160
2349,3322,2163
2350,3321,2167
2351,3329,2166
2352,3329,2166
2353,3328,2170
2354,3325,2173
2355,3329,2173
2356,3324,2175
2357,3330,2177
2358,3324,2180
2359,3323,2184
2360,3320,2187
2361,3320,2186
2362,3326,2186
2363,3325,2189
2364,3322,2194
2365,3326,2198
2366,3324,2194
2367,3332,2192
2368,3333,2198
2369,3332,2199
2370,3327,2203
2371,3327,2201
2372,3331,2203
2373,3337,2202
2374,3345,2206
2375,3345,2201
2376,3339,2204
2377,3338,2207
2378,3333,2203
2379,3332,2206
2380,3329,2207
2381,3325,2212
2382,3319,2210
2383,3315,2214
2384,3312,2211
2385,3317,2213
2386,3318,2214
2387,3324,2211
2388,3318,2214
2389,3313,2220
2390,3313,2226
2391,3313,2230
2392,3321,2236
2393,3329,2238
2394,3327,2234
2395,3328,2234
2396,3329,2240
2397,3328,2240
2398,3336,2240
2399,3338,2237
2400,3342,2240
2401,3344,2245
2402,3343,2248
2403,3342,2249
2404,3340,2254
2405,3335,2255
2406,3342,2252
2407,3343,2254
2408,3349,2256
2409,3351,2254
2410,3349,2252
2411,3348,2254
2412,3356,2259
2413,3360,2258
2414,3367,2255
2415,3365,2253
2416,3369,2253
2417,3373,2251
2418,3375,2249
2419,3376,2253
2420,3373,2248
2421,3368,2246
2422,3364,2241
2423,3358,2237
2424,3356,2241
2425,3355,2243
2426,3350,2243
2427,3344,2240
2428,3344,2237
2429,3348,2233
2430,3353,2229
2431,3357,2229
2432,3354,2227
2433,3355,2228
2434,3353,2230
2435,3349,2229
2436,3357,2233
2437,3359,2236
2438,3354,2238
2439,3354,2234
2440,3358,2238
2441,3358,2236
2442,3355,2239
2443,3353,2242
2444,3357,2246
2445,3362,2245
2446,3358,2247
2447,3356,2253
2448,3364,2255
2449,3360,2252
2450,3360,2251
2451,3365,2246
2452,3371,2248
2453,3370,2247
2454,3373,2252
2455,3374,2254
2456,3368,2255
2457,3365,2261
2458,3370,2260
2459,3375,2265
2460,3374,2261
2461,3382,2263
2462,3386,2259
2463,3382,2259
2464,3377,2265
2465,3380,2265
2466,3375,2271
2467,3374,2272
2468,3369,2269
2469,3364,2265
2470,3360,2261
2471,3365,2257
2472,3370,2262
2473,3378,2260
2474,3378,2259
2475,3382,2260
2476,3377,2264
2477,3385,2261
2478,3387,2263
2479,3385,2259
2480,3390,2258
2481,3390,2253
2482,3394,2254
2483,3401,2250
2484,3401,2245
2485,3402,2245
2486,3396,2240
2487,3394,2239
2488,3396,2240
2489,3393,2240
2490,3394,2235
2491,3399,2236
2492,3398,2236
2493,3392,2239
2494,3395,2239
2495,3403,2235
2496,3402,2237
2497,3405,2233
2498,3399,2232
2499,3404,2228
2500,3402,2233
2501,3403,2232
2502,3404,2237
2503,3402,2242
2504,3403,2239
2505,3408,2242
2506,3410,2240
2507,3411,2245
2508,3412,2243
2509,3420,2248
2510,3425,2245
2511,3424,2251
2512,3425,2254
2513,3422,2254
2514,3429,2258
2515,3423,2255
2516,3422,2254
2517,3424,2252
2518,3429,2251
2519,3429,2256
2520,3426,2253
2521,3433,2256
2522,3430,2255
2523,3430,2257
2524,3425,2262
2525,3423,2268
2526,3417,2267
2527,3414,2265
2528,3409,2267
2529,3413,2265
2530,3410,2264
2531,3412,2261
2532,3411,2256
2533,3409,2260
2534,3410,2256
2535,3415,2256
2536,3410,2262
2537,3407,2257
2538,3407,2260
2539,3413,2262
2540,3411,2265
2541,3407,2271
2542,3406,2275
2543,3411,2270
2544,3415,2272
2545,3418,2277
2546,3426,2276
2547,3430,2278
2548,3433,2281
2549,3430,2287
2550,3431,2291
2551,3432,2288
2552,3439,2287
2553,3444,2292
2554,3448,2293
2555,3446,2291
2556,3443,2296
2557,3445,2294
2558,3452,2292
2559,3446,2297
2560,3445,2297
2561,3452,2297
2562,3460,2296
2563,3463,2296
2564,3463,2301
2565,3466,2302
2566,3463,2307
2567,3469,2312
2568,3466,2318
2569,3460,2319
2570,3460,2325
2571,3458,2326
2572,3454,2326
2573,3454,2330
2574,3449,2332
2575,3450,2334
2576,3447,2335
2577,3446,2330
2578,3454,2329
2579,3458,2331
2580,3465,2328
2581,3464,2334
2582,3471,2331
2583,3469,2336
2584,3472,2332
2585,3474,2332
2586,3476,2334
2587,3480,2335
2588,3477,2338
2589,3476,2333
2590,3481,2334
2591,3477,2332
2592,3483,2336
2593,3486,2333
2594,3481,2338
2595,3485,2344
2596,3493,2343
2597,3494,2348
2598,3490,2345
2599,3493,2351
2600,3496,2347
2601,3496,2346
2602,3499,2348
2603,3499,2351
2604,3495,2352
2605,3498,2349
2606,3504,2351
2607,3512,2351
2608,3519,2352
2609,3525,2352
2610,3527,2350
2611,3533,2346
2612,3540,2349
2613,3542,2354
2614,3543,2352
2615,3549,2355
2616,3557,2360
2617,3561,2359
2618,3560,2360
2619,3565,2356
2620,3565,2356
2621,3567,2358
2622,3571,2356
2623,3572,2355
2624,3567,2354
2625,3574,2358
2626,3568,2355
2627,3575,2361
2628,3580,2363
2629,3581,2368
2630,3583,2366
2631,3587,2369
2632,3585,2367
2633,3584,2365
2634,3581,2365
2635,3586,2365
2636,3585,2371
2637,3592,2377
2638,3595,2372
2639,3596,2374
2640,3604,2380
2641,3606,2380
2642,3611,2380
2643,3614,2380
2644,3612,2384
2645,3611,2388
2646,3618,2385
2647,3615,2384
2648,3613,2390
2649,3620,2393
2650,3623,2396
2651,3624,2391
2652,3618,2394
2653,3617,2395
2654,3614,2394
2655,3615,2398
2656,3618,2394
2657,3617,2397
2658,3622,2402
2659,3623,2397
2660,3626,2399
2661,3624,2403
2662,3619,2401
2663,3625,2406
2664,3619,2403
2665,3620,2407
2666,3624,2402
2667,3618,2397
2668,3618,2394
2669,3623,2390
2670,3623,2387
2671,3628,2393
2672,3636,2394
2673,3639,2389
2674,3644,2393
2675,3651,2390
2676,3657,2391
2677,3653,2391
2678,3660,2393
2679,3661,2393
2680,3666,2393
2681,3666,2398
2682,3670,2399
2683,3667,2401
2684,3668,2404
2685,3664,2407
2686,3669,2412
2687,3666,2418
2688,3664,2423
2689,3660,2427
2690,3661,2430
2691,3657,2427
2692,3658,2428
2693,3662,2423
2694,3662,2429
2695,3661,2425
2696,3657,2421
2697,3665,2418
2698,3666,2417
2699,3672,2417
2700,3672,2416
2701,3672,2413
2702,3677,2419
2703,3674,2414
2704,3669,2415
2705,3666,2420
2706,3661,2420
2707,3669,2423
2708,3663,2428
2709,3659,2426
2710,3655,2425
2711,3660,2425
2712,3662,2423
2713,3656,2424
2714,3650,2421
2715,3651,2427
2716,3645,2422
2717,3653,2418
2718,3658,2419
2719,3659,2418
2720,3661,2415
2721,3668,2421
2722,3669,2420
2723,3675,2417
2724,3682,2413
2725,3678,2412
2726,3676,2416
2727,3673,2421
2728,3668,2416
2729,3666,2419
2730,3667,2414
2731,3665,2415
2732,3659,2414
2733,3655,2419
2734,3656,2416
2735,3652,2418
2736,3658,2417
2737,3665,2414
2738,3669,2409
2739,3664,2406
2740,3672,2402
2741,3671,2404
2742,3675,2408
2743,3679,2411
2744,3674,2417
2745,3674,2423
2746,3680,2418
2747,3675,2418
2748,3671,2413
2749,3672,2413
2750,3678,2417
2751,3672,2418
2752,3668,2424
2753,3676,2428
2754,3681,2432
2755,3681,2438
2756,3675,2442
2757,3676,2442
2758,3675,2441
2759,3669,2436
2760,3672,2431
2761,3670,2434
2762,3671,2434
2763,3670,2435
2764,3678,2437
2765,3676,2442
2766,3681,2438
2767,3678,2439
2768,3673,2436
2769,3673,2442
2770,3672,2439
2771,3667,2434
2772,3670,2437
2773,3670,2434
2774,3667,2439
2775,3665,2439
2776,3672,2438
2777,3671,2443
2778,3670,2439
2779,3668,2437
2780,3665,2441
2781,3664,2439
2782,3662,2434
2783,3670,2434
2784,3676,2436
2785,3681,2432
2786,3677,2436
2787,3679,2440
2788,3679,2446
2789,3682,2451
2790,3685,2452
2791,3688,2453
2792,3682,2458
2793,3680,2463
2794,3688,2463
2795,3691,2463
2796,3698,2467
2797,3701,2466
2798,3699,2470
2799,3705,2475
2800,3708,2474
2801,3712,2480
2802,3720,2486
2803,3720,2487
2804,3721,2485
2805,3727,2482
2806,3732,2477
2807,3729,2474
2808,3723,2476
2809,3728,2478
2810,3735,2481
2811,3734,2479
2812,3736,2474
2813,3735,2469
2814,3730,2471
2815,3735,2467
2816,3735,2466
2817,3733,2466
2818,3740,2471
2819,3735,2467
2820,3739,2463
2821,3744,2465
2822,3748,2463
2823,3742,2462
2824,3738,2457
2825,3739,2458
2826,3746,2460
2827,3743,2459
2828,3748,2461
2829,3742,2466
2830,3746,2467
2831,3747,2465
2832,3751,2468
2833,3752,2466
2834,3759,2467
2835,3762,2463
2836,3767,2466
2837,3775,2469
2838,3777,2468
2839,3775,2470
2840,3780,2473
2841,3780,2478
2842,3777,2474
2843,3778,2480
2844,3780,2478
2845,3785,2483
2846,3780,2478
2847,3777,2481
2848,3780,2487
2849,3780,2483
2850,3774,2478
2851,3769,2473
2852,3764,2474
2853,3766,2474
2854,3762,2472
2855,3764,2473
2856,3762,2475
2857,3767,2474
2858,3775,2474
2859,3769,2471
2860,3775,2473
2861,3777,2477
2862,3784,2472
2863,3787,2469
2864,3782,2465
2865,3778,2465
2866,3779,2471
2867,3781,2472
2868,3783,2473
2869,3779,2479
2870,3785,2485
2871,3784,2486
2872,3779,2487
2873,3778,2485
2874,3781,2491
2875,3786,2496
2876,3782,2498
2877,3782,2498
2878,3780,2502
2879,3786,2500
2880,3780,2497
2881,3786,2501
2882,3782,2499
2883,3782,2495
2884,3778,2492
2885,3778,2491
2886,3777,2487
2887,3773,2492
2888,3779,2492
2889,3776,2497
2890,3781,2500
2891,3781,2497
2892,3780,2503
2893,3779,2501
2894,3779,2507
2895,3786,2507
2896,3787,2507
2897,3788,2510
2898,3784,2508
2899,3787,2514
2900,3785,2514
2901,3785,2509
2902,3788,2515
2903,3789,2521
2904,3790,2522
2905,3796,2524
2906,3801,2521
2907,3809,2525
2908,3812,2526
2909,3817,2529
2910,3820,2526
2911,3825,2525
2912,3830,2530
2913,3825,2527
2914,3833,2531
2915,3838,2530
2916,3843,2530
2917,3841,2534
2918,3848,2529
2919,3849,2532
2920,3843,2530
2921,3851,2529
2922,3849,2530
2923,3856,2533
2924,3851,2534
2925,3850,2533
2926,3848,2529
2927,3848,2528
2928,3855,2524
2929,3851,2526
2930,3845,2524
2931,3852,2523
2932,3860,2521
2933,3864,2516
2934,3869,2515
2935,3873,2513
2936,3867,2519
2937,3862,2516
2938,3861,2518
2939,3863,2518
2940,3871,2521
2941,3876,2520
2942,3880,2518
2943,3875,2519
2944,3878,2525
2945,3885,2531
2946,3890,2534
2947,3897,2534
2948,3896,2532
2949,3896,2538
2950,3896,2540
2951,3899,2543
2952,3894,2548
2953,3892,2552
2954,3898,2549
2955,3901,2555
2956,3895,2560
2957,3897,2564
2958,3902,2567
2959,3909,2570
2960,3904,2576
2961,3904,2574
2962,3908,2571
2963,3911,2568
2964,3916,2569
2965,3918,2575
2966,3923,2574
2967,3925,2572
2968,3932,2572
2969,3936,2568
2970,3931,2571
2971,3936,2575
2972,3933,2577
2973,3931,2575
2974,3934,2579
2975,3942,2574
2976,3950,2574
2977,3946,2580
2978,3945,2576
2979,3941,2580
2980,3936,2579
2981,3937,2581
2982,3941,2576
2983,3947,2582
2984,3945,2585
2985,3942,2585
2986,3936,2583
2987,3930,2587
2988,3935,2585
2989,3941,2585
2990,3942,2590
2991,3946,2590
2992,3944,2588
2993,3945,2593
2994,3940,2598
2995,3938,2599
2996,3938,2604
2997,3944,2609
2998,3952,2614
2999,3959,2613
3000,3965,2618
3001,3971,2622
3002,3973,2627
3003,3980,2630
3004,3977,2629
3005,3973,2625
3006,3971,2620
3007,3973,2615
3008,3967,2611
3009,3962,2608
3010,3963,2604
3011,3957,2601
3012,3957,2596
3013,3959,2595
3014,3965,2598
3015,3962,2596
3016,3962,2594
3017,3959,2591
3018,3966,2588
3019,3963,2594
3020,3971,2592
3021,3974,2587
3022,3969,2593
3023,3969,2595
3024,3967,2591
3025,3967,2595
3026,3974,2601
3027,3980,2601
3028,3981,2600
3029,3986,2603
3030,3993,2604
3031,3993,2604
3032,3997,2600
3033,4005,2604
3034,4002,2609
3035,4007,2610
3036,4005,2609
3037,4011,2615
3038,4013,2610
3039,4014,2611
3040,4018,2606
3041,4019,2605
3042,4020,2606
3043,4028,2608
3044,4030,2607
3045,4038,2610
3046,4043,2605
3047,4042,2611
3048,4037,2613
3049,4041,2608
3050,4035,2611
3051,4033,2609
3052,4037,2612
3053,4039,2617
3054,4034,2618
3055,4042,2614
3056,4040,2610
3057,4038,2606
3058,4035,2608
3059,4038,2604
3060,4041,2605
3061,4047,2601
3062,4045,2600
3063,4041,2606
3064,4048,2604
3065,4055,2600
3066,4049,2600
3067,4057,2605
3068,4060,2600
3069,4059,2600
3070,4066,2602
3071,4060,2601
3072,4059,2606
3073,4060,2607
3074,4059,2607
3075,4063,2609
3076,4061,2609
3077,4062,2604
3078,4056,2606
3079,4059,2603
3080,4066,2599
3081,4074,2605
3082,4073,2604
3083,4075,2601
3084,4072,2607
3085,4077,2604
3086,4080,2599
3087,4087,2599
3088,4093,2599
3089,4096,2605
3090,4098,2600
3091,4105,2606
3092,4103,2603
3093,4105,2604
3094,4110,2604
3095,4113,2608
3096,4111,2606
3097,4118,2611
3098,4122,2609
3099,4120,2614
3100,4122,2619
3101,4120,2619
3102,4125,2617
3103,4133,2618
3104,4132,2623
3105,4134,2629
3106,4131,2634
3107,4127,2635
3108,4135,2638
3109,4130,2635
3110,4129,2633
3111,4129,2630
3112,4133,2626
3113,4131,2624
3114,4130,2619
3115,4136,2622
3116,4131,2621
3117,4133,2627
3118,4131,2633
3119,4128,2639
3120,4127,2637
3121,4124,2636
3122,4127,2633
3123,4133,2630
3124,4135,2634
3125,4138,2640
3126,4137,2637
3127,4136,2636
3128,4144,2637
3129,4147,2638
3130,4148,2642
3131,4142,2645
3132,4145,2648
3133,4140,2649
3134,4143,2646
3135,4149,2646
3136,4154,2652
3137,4148,2650
3138,4146,2647
3139,4146,2646
3140,4144,2641
3141,4152,2643
3142,4157,2641
3143,4163,2636
3144,4164,2637
3145,4163,2638
3146,4160,2635
3147,4163,2641
3148,4166,2644
3149,4162,2641
3150,4160,2642
3151,4159,2638
3152,4164,2639
3153,4171,2640
3154,4172,2639
3155,4180,2638
3156,4180,2641
3157,4177,2646
3158,4172,2649
3159,4177,2647
3160,4172,2649
3161,4180,2651
3162,4184,2650
3163,4182,2646
3164,4185,2646
3165,4192,2641
3166,4191,2646
3167,4192,2649
3168,4198,2654
3169,4204,2649
3170,4198,2647
3171,4198,2653
3172,4196,2656
3173,4199,2652
3174,4206,2649
3175,4208,2652
3176,4204,2658
3177,4202,2657
3178,4209,2652
3179,4206,2657
3180,4205,2661
3181,4211,2667
3182,4212,2670
3183,4207,2676
3184,4210,2672
3185,4217,2674
3186,4211,2673
3187,4217,2670
3188,4217,2672
3189,4216,2668
3190,4218,2671
3191,4212,2677
3192,4214,2677
3193,4211,2672
3194,4218,2673
3195,4217,2673
3196,4221,2671
3197,4217,2677
3198,4219,2683
3199,4218,2680
3200,4220,2680
3201,4214,2680
3202,4217,2675
3203,4216,2676
3204,4222,2677
3205,4223,2682
3206,4230,2682
3207,4237,2683
3208,4242,2678
3209,4247,2683
3210,4251,2680
3211,4245,2684
3212,4250,2685
3213,4256,2690
3214,4261,2687
3215,4261,2693
3216,4269,2698
3217,4271,2703
3218,4271,2709
3219,4269,2708
3220,4274,2708
3221,4276,2709
3222,4276,2704
3223,4270,2701
3224,4267,2699
3225,4271,2695
3226,4274,2690
3227,4270,2694
3228,4265,2699
3229,4266,2698
3230,4267,2703
3231,4271,2708
3232,4278,2712
3233,4286,2715
3234,4294,2717
3235,4296,2719
3236,4294,2714
3237,4290,2712
3238,4297,2713
3239,4298,2711
3240,4303,2708
3241,4308,2704
3242,4302,2700
3243,4307,2697
3244,4308,2695
3245,4315,2698
3246,4313,2699
3247,4307,2704
3248,4314,2705
3249,4313,2706
3250,4308,2707
3251,4304,2703
3252,4305,2707
3253,4304,2702
3254,4298,2701
3255,4294,2696
3256,4297,2694
3257,4305,2693
3258,4306,2695
3259,4301,2695
3260,4301,2691
3261,4300,2688
3262,4294,2683
3263,4291,2682
3264,4288,2687
3265,4295,2686
3266,4289,2691
3267,4286,2695
3268,4286,2692
3269,4285,2687
3270,4288,2690
3271,4295,2688
3272,4291,2685
3273,4298,2682
3274,4303,2687
3275,4311,2683
3276,4318,2686
3277,4326,2683
3278,4332,2687
3279,4330,2688
3280,4336,2686
3281,4333,2691
3282,4341,2695
3283,4349,2698
3284,4351,2701
3285,4345,2706
3286,4339,2703
3287,4343,2703
3288,4341,2703
3289,4343,2701
3290,4343,2702
3291,4351,2703
3292,4348,2701
3293,4355,2704
3294,4362,2706
3295,4370,2704
3296,4369,2700
3297,4363,2697
3298,4358,2700
3299,4352,2697
3300,4353,2703
3301,4353,2709
3302,4360,2707
3303,4359,2708
3304,4363,2710
3305,4360,2706
3306,4354,2706
3307,4358,2702
3308,4355,2703
3309,4354,2701
3310,4348,2707
3311,4350,2711
3312,4352,2709
3313,4346,2714
3314,4340,2714
3315,4343,2713
3316,4343,2715
3317,4341,2719
3318,4341,2722
3319,4343,2723
3320,4339,2727
3321,4339,2728
3322,4333,2725
3323,4330,2728
3324,4332,2723
3325,4326,2729
3326,4327,2731
3327,4330,2726
3328,4326,2731
3329,4327,2730
3330,4328,2727
3331,4328,2733
3332,4331,2734
3333,4337,2730
3334,4341,2731
3335,4335,2733
3336,4341,2733
3337,4336,2733
3338,4344,2732
3339,4344,2728
3340,4338,2728
3341,4345,2730
3342,4347,2725
3343,4350,2727
3344,4348,2724
3345,4353,2728
3346,4349,2733
3347,4344,2729
3348,4343,2735
3349,4346,2737
3350,4344,2743
3351,4346,2742
3352,4343,2738
3353,4343,2740
3354,4338,2739
3355,4335,2734
3356,4333,2733
3357,4329,2738
3358,4332,2744
3359,4339,2743
3360,4335,2743
3361,4333,2738
3362,4335,2735
3363,4329,2735
3364,4331,2734
3365,4332,2732
3366,4332,2736
3367,4330,2737
3368,4331,2734
3369,4328,2739
3370,4331,2739
3371,4326,2741
3372,4329,2747
3373,4335,2748
3374,4339,2750
3375,4341,2750
3376,4335,2754
3377,4333,2756
3378,4329,2755
3379,4331,2759
3380,4326,2762
3381,4323,2762
3382,4321,2759
3383,4320,2761
3384,4314,2759
3385,4314,2755
3386,4315,2757
3387,4321,2754
3388,4315,2757
3389,4312,2752
3390,4315,2752
3391,4322,2752
3392,4319,2754
3393,4323,2751
3394,4320,2757
3395,4315,2759
3396,4320,2761
3397,4314,2758
3398,4311,2756
3399,4305,2756
3400,4299,2762
3401,4294,2759
3402,4288,2755
3403,4289,2760
3404,4288,2761
3405,4285,2759
3406,4287,2763
3407,4285,2769
3408,4289,2775
3409,4285,2774
3410,4282,2775
3411,4281,2781
3412,4282,2779
3413,4290,2783
3414,4289,2786
3415,4287,2790
3416,4294,2791
3417,4293,2793
3418,4294,2789
3419,4300,2792
3420,4305,2789
3421,4313,2784
3422,4308,2788
3423,4312,2792
3424,4307,2796
3425,4301,2794
3426,4300,2794
3427,4294,2798
3428,4297,2797
3429,4303,2799
3430,4311,2805
3431,4309,2806
3432,4316,2805
3433,4315,2810
3434,4321,2809
3435,4322,2809
3436,4327,2804
3437,4323,2806
3438,4319,2810
3439,4314,2809
3440,4318,2815
3441,4325,2815
3442,4331,2819
3443,4328,2821
3444,4323,2820
3445,4317,2816
3446,4317,2817
3447,4316,2820
3448,4315,2825
3449,4321,2823
3450,4319,2829
3451,4324,2833
3452,4329,2831
3453,4330,2834
3454,4336,2835
3455,4335,2830
3456,4339,2827
3457,4342,2828
3458,4346,2832
3459,4345,2837
3460,4349,2832
3461,4349,2834
3462,4348,2834
3463,4348,2836
3464,4349,2835
3465,4349,2839
3466,4352,2834
3467,4351,2837
3468,4358,2837
3469,4358,2843
3470,4354,2846
3471,4354,2843
3472,4351,2846
3473,4359,2846
3474,4360,2847
3475,4361,2846
3476,4355,2841
3477,4361,2847
3478,4360,2844
3479,4361,2844
3480,4365,2845
3481,4372,2840
3482,4367,2845
3483,4373,2849
3484,4370,2847
3485,4366,2849
3486,4363,2853
3487,4360,2850
3488,4358,2848
3489,4364,2847
3490,4365,2850
3491,4365,2846
3492,4366,2843
3493,4369,2849
3494,4368,2852
3495,4364,2851
3496,4372,2853
3497,4370,2854
3498,4377,2856
3499,4383,2860
3500,4391,2858
3501,4385,2855
3502,4390,2851
3503,4391,2850
3504,4395,2850
3505,4393,2847
3506,4401,2843
3507,4395,2846
3508,4391,2849
3509,4394,2844
3510,4394,2847
3511,4390,2850
3512,4397,2849
3513,4401,2849
3514,4408,2844
3515,4403,2850
3516,4398,2852
3517,4395,2856
3518,4399,2857
3519,4395,2857
3520,4400,2856
3521,4399,2856
3522,4400,2858
3523,4399,2860
3524,4399,2855
3525,4404,2850
3526,4411,2847
3527,4405,2853
3528,4399,2851
3529,4393,2856
3530,4395,2862
3531,4401,2861
3532,4399,2866
3533,4400,2870
3534,4405,2869
3535,4399,2867
3536,4395,2873
3537,4394,2870
3538,4392,2873
3539,4389,2872
3540,4395,2868
3541,4398,2867
3542,4399,2865
3543,4405,2862
3544,4401,2863
3545,4402,2869
3546,4397,2873
3547,4404,2872
3548,4398,2877
3549,4404,2882
3550,4405,2888
3551,4412,2892
3552,4410,2891
3553,4410,2888
3554,4418,2886
3555,4421,2888
3556,4424,2893
3557,4430,2892
3558,4426,2897
3559,4424,2897
3560,4431,2901
3561,4428,2907
3562,4425,2905
3563,4433,2911
3564,4440,2914
3565,4442,2920
3566,4437,2920
3567,4442,2926
3568,4444,2923
3569,4443,2927
3570,4451,2931
3571,4459,2929
3572,4457,2935
3573,4455,2935
3574,4461,2940
3575,4457,2942
3576,4452,2945
3577,4454,2941
3578,4459,2942
3579,4465,2944
3580,4468,2950
3581,4466,2951
3582,4471,2955
3583,4472,2950
3584,4480,2952
3585,4475,2947
3586,4481,2947
3587,4476,2949
3588,4474,2946
3589,4471,2948
3590,4468,2953
3591,4466,2959
3592,4471,2955
3593,4469,2951
3594,4470,2955
3595,4473,2951
3596,4481,2947
3597,4488,2944
3598,4496,2949
3599,4503,2950
3600,4506,2955
3601,4508,2955
3602,4508,2950
3603,4502,2951
3604,4510,2946
3605,4505,2942
3606,4512,2944
3607,4513,2943
3608,4521,2939
3609,4516,2943
3610,4522,2939
3611,4520,2936
3612,4522,2932
3613,4518,2931
3614,4526,2928
3615,4529,2928
3616,4534,2930
3617,4535,2932
3618,4534,2927
3619,4541,2932
3620,4546,2937
3621,4551,2939
3622,4547,2935
3623,4547,2932
3624,4542,2934
3625,4549,2940
3626,4548,2945
3627,4552,2943
3628,4548,2946
3629,4555,2948
3630,4560,2950
3631,4556,2951
3632,4563,2949
3633,4561,2948
3634,4561,2948
3635,4566,2943
3636,4565,2938
3637,4571,2935
3638,4571,2933
3639,4575,2933
3640,4570,2934
3641,4564,2938
3642,4568,2938
3643,4565,2944
3644,4567,2940
3645,4564,2936
3646,4572,2936
3647,4572,2934
3648,4572,2934
3649,4577,2939
3650,4579,2934
3651,4573,2935
3652,4578,2941
3653,4576,2937
3654,4572,2939
3655,4580,2945
3656,4582,2951
3657,4589,2953
3658,4596,2951
3659,4590,2954
3660,4588,2957
3661,4589,2956
3662,4583,2956
3663,4586,2954
3664,4592,2959
3665,4599,2958
3666,4595,2961
3667,4594,2956
3668,4595,2962
3669,4594,2963
3670,4600,2960
3671,4608,2958
3672,4606,2953
3673,4601,2952
3674,4597,2949
3675,4595,2948
3676,4595,2945
3677,4596,2950
3678,4590,2954
3679,4596,2949
3680,4592,2955
3681,4587,2960
3682,4595,2956
3683,4593,2962
3684,4593,2968
3685,4595,2963
3686,4602,2965
3687,4596,2969
3688,4591,2971
3689,4585,2968
3690,4586,2963
3691,4591,2964
3692,4587,2963
3693,4591,2967
3694,4598,2963
3695,4597,2964
3696,4593,2970
3697,4595,2976
3698,4594,2982
3699,4602,2982
3700,4600,2981
3701,4599,2983
3702,4603,2984
3703,4611,2985
3704,4615,2981
3705,4616,2980
3706,4617,2975
3707,4624,2974
3708,4625,2976
3709,4628,2978
3710,4634,2977
3711,4641,2983
3712,4642,2988
3713,4649,2992
3714,4649,2990
3715,4644,2990
3716,4642,2994
3717,4646,2993
3718,4648,2994
3719,4644,2993
3720,4647,2991
3721,4652,2987
3722,4657,2990
3723,4664,2987
3724,4669,2992
3725,4669,2991
3726,4676,2994
3727,4679,3000
3728,4681,3003
3729,4687,3004
3730,4681,3005
3731,4675,3009
3732,4682,3009
3733,4676,3007
3734,4674,3005
3735,4679,3001
3736,4682,3002
3737,4690,3006
3738,4694,3006
3739,4702,3009
3740,4705,3013
3741,4705,3018
3742,4708,3017
3743,4714,3014
3744,4714,3013
3745,4713,3018
3746,4712,3014
3747,4706,3018
3748,4707,3024
3749,4715,3030
3750,4710,3026
3751,4709,3024
3752,4715,3019
3753,4710,3025
3754,4715,3025
3755,4712,3023
3756,4719,3023
3757,4720,3028
3758,4718,3028
3759,4712,3025
3760,4719,3025
3761,4716,3023
3762,4719,3018
3763,4725,3020
3764,4725,3017
3765,4732,3016
3766,4729,3018
3767,4732,3021
3768,4735,3023
3769,4743,3025
3770,4743,3023
3771,4738,3018
3772,4733,3024
3773,4736,3025
3774,4732,3023
3775,4737,3028
3776,4735,3030
3777,4734,3027
3778,4739,3031
3779,4740,3034
3780,4744,3030
3781,4744,3027
3782,4742,3033
3783,4748,3039
3784,4755,3035
3785,4760,3037
3786,4762,3039
3787,4758,3037
3788,4766,3039
3789,4771,3035
3790,4777,3037
3791,4779,3032
3792,4778,3031
3793,4781,3037
3794,4775,3043
3795,4771,3043
3796,4768,3046
3797,4763,3051
3798,4767,3054
3799,4763,3051
3800,4768,3056
3801,4769,3059
3802,4767,3061
3803,4771,3067
3804,4766,3068
3805,4764,3070
3806,4762,3072
3807,4765,3076
3808,4762,3075
3809,4758,3074
3810,4764,3075
3811,4762,3070
3812,4768,3074
3813,4774,3078
3814,4774,3083
3815,4777,3083
3816,4784,3079
3817,4790,3081
3818,4792,3076
3819,4795,3078
3820,4800,3074
3821,4804,3070
3822,4809,3076
3823,4808,3074
3824,4808,3070
3825,4805,3072
3826,4808,3071
3827,4808,3077
3828,4806,3083
3829,4813,3078
3830,4808,3078
3831,4814,3078
3832,4812,3084
3833,4818,3080
3834,4819,3081
3835,4820,3076
3836,4817,3077
3837,4816,3077
3838,4820,3077
3839,4818,3083
3840,4825,3083
3841,4822,3079
3842,4828,3075
3843,4832,3075
3844,4835,3079
3845,4834,3084
3846,4835,3080
3847,4839,3082
3848,4842,3079
3849,4848,3081
3850,4851,3076
3851,4851,3071
3852,4850,3068
3853,4849,3064
3854,4844,3059
3855,4840,3054
3856,4841,3052
3857,4844,3048
3858,4838,3044
3859,4837,3046
3860,4839,3047
3861,4847,3044
3862,4845,3048
3863,4850,3047
3864,4844,3048
3865,4844,3049
3866,4841,3053
3867,4836,3056
3868,4835,3060
3869,4834,3061
3870,4828,3056
3871,4836,3060
3872,4844,3058
3873,4842,3056
3874,4847,3057
3875,4845,3058
3876,4848,3061
3877,4844,3059
3878,4841,3055
3879,4841,3059
3880,4838,3058
3881,4844,3057
3882,4838,3058
3883,4836,3062
3884,4835,3059
3885,4837,3064
3886,4837,3062
3887,4842,3058
3888,4850,3053
3889,4845,3056
3890,4848,3051
3891,4848,3051
3892,4846,3052
3893,4842,3053
3894,4843,3048
3895,4851,3044
3896,4854,3043
3897,4848,3040
3898,4854,3037
3899,4856,3033
3900,4857,3037
3901,4852,3032
3902,4855,3037
3903,4858,3041
3904,4860,3047
3905,4867,3049
3906,4872,3051
3907,4873,3057
3908,4871,3058
3909,4865,3064
3910,4859,3065
3911,4859,3066
3912,4853,3070
3913,4853,3074
3914,4861,3073
3915,4866,3073
3916,4870,3073
3917,4874,3075
3918,4870,3076
3919,4864,3081
3920,4865,3081
3921,4873,3077
3922,4870,3078
3923,4877,3079
3924,4876,3084
3925,4879,3081
3926,4887,3087
3927,4882,3093
3928,4888,3094
3929,4893,3100
3930,4893,3098
3931,4898,3100
3932,4896,3097
3933,4901,3102
3934,4903,3107
3935,4908,3104
3936,4909,3105
3937,4905,3111
3938,4899,3114
3939,4895,3111
3940,4902,3113
3941,4896,3112
3942,4890,3115
3943,4892,3115
3944,4893,3111
3945,4895,3106
3946,4889,3104
3947,4891,3109
3948,4885,3108
3949,4890,3105
3950,4888,3101
3951,4894,3098
3952,4894,3104
3953,4900,3100
3954,4902,3106
3955,4908,3105
3956,4911,3111
3957,4913,3107
3958,4916,3110
3959,4917,3109
3960,4915,3112
3961,4921,3116
3962,4928,3117
3963,4936,3113
3964,4932,3115
3965,4938,3120
3966,4943,3119
3967,4937,3121
3968,4940,3120
3969,4939,3116
3970,4935,3111
3971,4943,3112
3972,4943,3113
3973,4945,3117
3974,4951,3123
3975,4959,3125
3976,4962,3128
3977,4966,3126
3978,4970,3131
3979,4964,3137
3980,4967,3141
3981,4973,3136
3982,4980,3142
3983,4981,3137
3984,4975,3134
3985,4978,3132
3986,4983,3133
3987,4989,3132
3988,4994,3131
3989,4992,3133
3990,4990,3130
3991,4998,3127
3992,4995,3131
3993,4989,3136
3994,4990,3138
3995,4993,3144
3996,4989,3144
3997,4994,3141
3998,4998,3146
3999,5000,3146
4000,5005,3152
4001,5012,3158
4002,5009,3163
4003,5013,3160
4004,5015,3159
4005,5019,3165
4006,5025,3163
4007,5023,3161
4008,5026,3161
4009,5023,3162
4010,5024,3164
4011,5023,3163
4012,5027,3167
4013,5035,3171
4014,5035,3173
4015,5038,3177
4016,5045,3177
4017,5052,3182
4018,5050,3181
4019,5058,3178
4020,5065,3176
4021,5063,3177
4022,5063,3176
4023,5058,3171
4024,5056,3174
4025,5063,3170
4026,5060,3171
4027,5064,3167
4028,5068,3169
4029,5062,3170
4030,5066,3166
4031,5070,3171
4032,5071,3177
4033,5065,3179
4034,5068,3181
4035,5067,3184
4036,5074,3189
4037,5068,3191
4038,5066,3187
4039,5069,3187
4040,5075,3192
4041,5070,3192
4042,5072,3196
4043,5073,3196
4044,5076,3192
4045,5074,3193
4046,5071,3189
4047,5065,3191
4048,5061,3194
4049,5068,3196
4050,5075,3193
4051,5073,3189
4052,5071,3188
4053,5073,3185
4054,5076,3191
4055,5070,3191
4056,5076,3192
4057,5072,3190
4058,5067,3188
4059,5066,3186
4060,5064,3183
4061,5065,3187
4062,5067,3192
4063,5073,3195
4064,5067,3199
4065,5075,3195
4066,5074,3200
4067,5072,3199
4068,5068,3200
4069,5069,3199
4070,5070,3194
4071,5076,3193
4072,5078,3190
4073,5084,3191
4074,5089,3191
4075,5097,3190
4076,5103,3192
4077,5104,3187
4078,5107,3182
4079,5103,3188
4080,5110,3194
4081,5105,3193
4082,5099,3191
4083,5096,3193
4084,5096,3190
4085,5100,3194
4086,5102,3199
4087,5096,3205
4088,5091,3201
4089,5096,3198
4090,5094,3195
4091,5095,3200
4092,5098,3197
4093,5099,3193
4094,5103,3190
4095,5100,3196
4096,5094,3193
4097,5091,3188
4098,5089,3189
4099,5096,3190
4100,5099,3193
4101,5098,3192
4102,5103,3190
4103,5111,3195
4104,5110,3194
4105,5111,3192
4106,5118,3192
4107,5118,3189
4108,5121,3195
4109,5123,3191
4110,5122,3196
4111,5121,3202
4112,5119,3205
4113,5118,3204
4114,5120,3201
4115,5122,3202
4116,5122,3207
4117,5127,3213
4118,5121,3216
4119,5117,3221
4120,5116,3226
4121,5119,3223
4122,5127,3225
4123,5130,3225
4124,5132,3226
4125,5129,3222
4126,5136,3223
4127,5133,3227
4128,5135,3226
4129,5129,3229
4130,5136,3234
4131,5137,3235
4132,5135,3241
4133,5134,3238
4134,5132,3242
4135,5127,3238
4136,5133,3242
4137,5138,3238
4138,5146,3235
4139,5154,3236
4140,5152,3242
4141,5147,3242
4142,5151,3242
4143,5155,3238
4144,5158,3233
4145,5165,3232
4146,5160,3227
4147,5158,3232
4148,5159,3228
4149,5165,3233
4150,5172,3230
4151,5169,3228
4152,5177,3234
4153,5172,3237
4154,5170,3237
4155,5176,3234
4156,5177,3235
4157,5177,3234
4158,5174,3234
4159,5173,3229
4160,5179,3230
4161,5174,3230
4162,5174,3228
4163,5175,3227
4164,5177,3223
4165,5175,3221
4166,5183,3226
4167,5188,3231
4168,5185,3227
4169,5186,3226
4170,5182,3231
4171,5181,3233
4172,5180,3233
4173,5180,3238
4174,5180,3234
4175,5175,3235
4176,5178,3231
4177,5184,3231
4178,5187,3228
4179,5182,3229
4180,5180,3227
4181,5179,3228
4182,5180,3228
4183,5184,3225
4184,5185,3230
4185,5183,3233
4186,5177,3231
4187,5180,3232
4188,5176,3227
4189,5172,3230
4190,5176,3228
4191,5179,3234
4192,5183,3232
4193,5177,3231
4194,5177,3237
4195,5172,3233
4196,5180,3231
4197,5188,3236
4198,5184,3240
4199,5181,3246
4200,5178,3242
4201,5173,3244
4202,5177,3249
4203,5180,3246
4204,5188,3249
4205,5184,3247
4206,5188,3248
4207,5186,3248
4208,5180,3254
4209,5188,3252
4210,5192,3250
4211,5200,3253
4212,5208,3249
4213,5203,3249
4214,5209,3245
4215,5217,3246
4216,5211,3251
4217,5214,3252
4218,5211,3250
4219,5214,3256
4220,5217,3257
4221,5224,3261
4222,5222,3264
4223,5228,3261
4224,5235,3263
4225,5238,3267
4226,5242,3269
4227,5238,3270
4228,5233,3271
4229,5232,3268
4230,5236,3264
4231,5237,3259
4232,5236,3255
4233,5232,3260
4234,5240,3255
4235,5245,3258
4236,5242,3264
4237,5245,3265
4238,5244,3263
4239,5246,3264
4240,5250,3261
4241,5255,3263
4242,5254,3260
4243,5262,3262
4244,5269,3263
4245,5271,3267
4246,5272,3264
4247,5276,3269
4248,5277,3275
4249,5271,3275
4250,5269,3273
4251,5276,3271
4252,5283,3272
4253,5278,3268
4254,5286,3273
4255,5285,3269
4256,5289,3265
4257,5290,3265
4258,5288,3264
4259,5284,3265
4260,5287,3270
4261,5284,3267
4262,5292,3265
4263,5298,3263
4264,5292,3260
4265,5288,3266
4266,5295,3271
4267,5302,3275
4268,5305,3277
4269,5309,3272
4270,5317,3270
4271,5313,3267
4272,5321,3265
4273,5317,3264
4274,5312,3269
4275,5316,3275
4276,5316,3271
4277,5313,3273
4278,5313,3270
4279,5311,3270
4280,5312,3273
4281,5310,3271
4282,5308,3270
4283,5302,3265
4284,5310,3266
4285,5309,3272
4286,5303,3278
4287,5305,3274
4288,5305,3275
4289,5305,3271
4290,5300,3276
4291,5295,3279
4292,5290,3280
4293,5284,3281
4294,5290,3280
4295,5290,3280
4296,5295,3279
4297,5298,3281
4298,5299,3282
4299,5299,3287
4300,5305,3293
4301,5309,3293
4302,5314,3298
4303,5312,3295
4304,5318,3294
4305,5312,3291
4306,5306,3295
4307,5310,3301
4308,5305,3301
4309,5301,3303
4310,5308,3303
4311,5307,3308
4312,5304,3305
4313,5309,3307
4314,5316,3313
4315,5312,3316
4316,5307,3321
4317,5312,3325
4318,5320,3320
4319,5322,3325
4320,5328,3320
4321,5335,3322
4322,5332,3327
4323,5327,3333
4324,5327,3335
4325,5326,3340
4326,5333,3336
4327,5332,3335
4328,5330,3339
4329,5336,3337
4330,5333,3341
4331,5332,3340
4332,5337,3337
4333,5336,3335
4334,5338,3330
4335,5332,3332
4336,5328,3328
4337,5332,3331
4338,5332,3329
4339,5326,3334
4340,5334,3330
4341,5342,3326
4342,5346,3323
4343,5345,3326
4344,5353,3330
4345,5361,3336
4346,5360,3333
4347,5354,3332
4348,5362,3337
4349,5366,3342
4350,5368,3348
4351,5363,3352
4352,5365,3347
4353,5360,3347
4354,5356,3353
4355,5361,3357
4356,5367,3354
4357,5369,3360
4358,5377,3355
4359,5377,3350
4360,5371,3350
4361,5375,3347
4362,5383,3351
4363,5380,3352
4364,5379,3357
4365,5384,3353
4366,5392,3352
4367,5391,3353
4368,5393,3349
4369,5394,3352
4370,5402,3347
4371,5410,3353
4372,5410,3356
4373,5408,3353
4374,5415,3357
4375,5412,3362
4376,5411,3358
4377,5411,3363
4378,5408,3359
4379,5406,3360
4380,5410,3364
4381,5407,3367
4382,5415,3365
4383,5416,3363
4384,5415,3365
4385,5415,3360
4386,5423,3355
4387,5429,3361
4388,5424,3356
4389,5426,3352
4390,5430,3351
4391,5427,3351
4392,5429,3348
4393,5435,3346
4394,5432,3349
4395,5432,3346
4396,5433,3351
4397,5439,3349
4398,5436,3353
4399,5434,3350
4400,5433,3355
4401,5433,3353
4402,5441,3352
4403,5437,3349
4404,5437,3355
4405,5441,3355
4406,5442,3355
4407,5436,3351
4408,5443,3348
4409,5442,3344
4410,5448,3347
4411,5453,3343
4412,5455,3346
4413,5454,3344
4414,5455,3347
4415,5462,3348
4416,5466,3349
4417,5471,3346
4418,5475,3343
4419,5469,3341
4420,5466,3337
4421,5469,3334
4422,5474,3333
4423,5472,3337
4424,5467,3333
4425,5463,3339
4426,5461,3343
4427,5464,3345
4428,5464,3343
4429,5458,3347
4430,5464,3348
4431,5461,3345
4432,5455,3350
4433,5457,3356
4434,5460,3355
4435,5454,3360
4436,5448,3358
4437,5455,3362
4438,5460,3357
4439,5466,3355
4440,5463,3352
4441,5470,3357
4442,5466,3358
4443,5471,3356
4444,5471,3358
4445,5468,3353
4446,5465,3355
4447,5463,3351
4448,5460,3347
4449,5454,3342
4450,5458,3343
4451,5455,3347
4452,5458,3348
4453,5463,3348
4454,5457,3350
4455,5464,3351
4456,5466,3350
4457,5474,3350
4458,5472,3348
4459,5476,3348
4460,5473,3345
4461,5472,3348
4462,5476,3354
4463,5475,3352
4464,5469,3354
4465,5469,3349
4466,5464,3344
4467,5464,3342
4468,5468,3342
4469,5471,3339
4470,5470,3341
4471,5474,3346
4472,5469,3351
4473,5474,3356
4474,5474,3358
4475,5480,3358
4476,5478,3358
4477,5486,3354
4478,5482,3357
4479,5482,3353
4480,5487,3351
4481,5495,3348
4482,5502,3353
4483,5504,3351
4484,5500,3353
4485,5497,3350
4486,5503,3349
4487,5506,3350
4488,5501,3353
4489,5495,3349
4490,5499,3354
4491,5494,3356
4492,5492,3353
4493,5489,3353
4494,5490,3352
4495,5487,3352
4496,5491,3348
4497,5492,3349
4498,5498,3352
4499,5496,3354
4500,5494,3356
4501,5499,3358
4502,5504,3359
4503,5512,3358
4504,5520,3354
4505,5517,3356
4506,5522,3355
4507,5529,3354
4508,5525,3354
4509,5522,3353
4510,5530,3357
4511,5528,3353
4512,5528,3350
4513,5531,3349
4514,5535,3352
4515,5538,3358
4516,5536,3354
4517,5539,3349
4518,5542,3347
4519,5538,3351
4520,5543,3357
4521,5537,3358
4522,5534,3364
4523,5534,3364
4524,5541,3369
4525,5547,3366
4526,5551,3365
4527,5549,3371
4528,5550,3366
4529,5549,3369
4530,5544,3373
4531,5550,3375
4532,5555,3380
4533,5558,3382
4534,5552,3384
4535,5549,3380
4536,5547,3376
4537,5554,3380
4538,5562,3382
4539,5569,3388
4540,5567,3387
4541,5562,3387
4542,5561,3384
4543,5567,3381
4544,5567,3383
4545,5574,3388
4546,5570,3387
4547,5564,3390
4548,5565,3387
4549,5564,3386
4550,5561,3381
4551,5555,3385
4552,5554,3389
4553,5557,3388
4554,5560,3391
4555,5567,3393
4556,5564,3398
4557,5570,3399
4558,5565,3401
4559,5572,3407
4560,5580,3407
4561,5576,3405
4562,5584,3408
4563,5579,3411
4564,5579,3412
4565,5583,3409
4566,5586,3409
4567,5586,3405
4568,5588,3405
4569,5594,3405
4570,5593,3410
4571,5589,3410
4572,5586,3416
4573,5584,3421
4574,5591,3426
4575,5586,3426
4576,5594,3429
4577,5599,3427
4578,5602,3430
4579,5604,3434
4580,5611,3433
4581,5614,3429
4582,5610,3430
4583,5616,3433
4584,5619,3438
4585,5622,3442
4586,5626,3444
4587,5625,3441
4588,5631,3443
4589,5637,3448
4590,5634,3452
4591,5641,3448
4592,5645,3445
4593,5652,3443
4594,5649,3441
4595,5648,3439
4596,5651,3437
4597,5659,3435
4598,5666,3438
4599,5666,3440
4600,5673,3437
4601,5676,3441
4602,5682,3446
4603,5677,3446
4604,5680,3449
4605,5675,3454
4606,5676,3458
4607,5670,3454
4608,5671,3460
4609,5669,3464
4610,5664,3462
4611,5662,3459
4612,5663,3458
4613,5665,3463
4614,5668,3460
4615,5662,3460
4616,5661,3455
4617,5667,3451
4618,5671,3448
4619,5670,3453
4620,5665,3456
4621,5659,3455
4622,5667,3454
4623,5663,3451
4624,5671,3453
4625,5675,3449
4626,5671,3444
4627,5678,3445
4628,5677,3442
4629,5683,3448
4630,5677,3454
4631,5685,3459
4632,5682,3457
4633,5680,3462
4634,5688,3463
4635,5694,3461
4636,5693,3456
4637,5698,3452
4638,5703,3458
4639,5705,3464
4640,5710,3463
4641,5707,3458
4642,5711,3453
4643,5719,3459
4644,5721,3459
4645,5729,3459
4646,5727,3462
4647,5725,3459
4648,5730,3465
4649,5728,3466
4650,5729,3463
4651,5726,3465
4652,5728,3460
4653,5728,3456
4654,5730,3455
4655,5732,3459
4656,5733,3456
4657,5730,3455
4658,5726,3452
4659,5726,3457
4660,5730,3459
4661,5734,3465
4662,5733,3468
4663,5734,3472
4664,5736,3474
4665,5743,3470
4666,5746,3472
4667,5743,3473
4668,5747,3477
4669,5755,3478
4670,5753,3479
4671,5761,3479
4672,5768,3483
4673,5763,3480
4674,5770,3478
4675,5778,3483
4676,5772,3488
4677,5777,3483
4678,5773,3478
4679,5780,3478
4680,5786,3475
4681,5787,3478
4682,5789,3476
4683,5792,3471
4684,5786,3475
4685,5785,3472
4686,5780,3467
4687,5787,3471
4688,5783,3469
4689,5782,3464
4690,5782,3467
4691,5787,3469
4692,5794,3474
4693,5798,3475
4694,5793,3481
4695,5791,3477
4696,5798,3473
4697,5793,3476
4698,5790,3478
4699,5790,3480
4700,5791,3480
4701,5788,3486
4702,5785,3487
4703,5781,3484
4704,5785,3481
4705,5781,3483
4706,5788,3483
4707,5794,3480
4708,5792,3480
4709,5798,3480
4710,5803,3484
4711,5797,3484
4712,5798,3485
4713,5796,3490
4714,5799,3496
4715,5805,3497
4716,5812,3492
4717,5820,3493
4718,5815,3499
4719,5813,3496
4720,5816,3498
4721,5823,3502
4722,5823,3504
4723,5825,3504
4724,5826,3507
4725,5830,3503
4726,5825,3503
4727,5831,3502
4728,5838,3501
4729,5834,3499
4730,5829,3505
4731,5826,3509
4732,5830,3515
4733,5828,3513
4734,5833,3512
4735,5833,3512
4736,5833,3510
4737,5829,3511
4738,5836,3516
4739,5836,3517
4740,5838,3523
4741,5834,3529
4742,5829,3529
4743,5831,3530
4744,5837,3531
4745,5842,3526
4746,5848,3532
4747,5845,3535
4748,5839,3539
4749,5846,3537
4750,5848,3536
4751,5853,3531
4752,5850,3537
4753,5844,3540
4754,5852,3538
4755,5851,3538
4756,5846,3539
4757,5849,3545
4758,5855,3540
4759,5857,3537
4760,5857,3538
4761,5859,3541
4762,5854,3537
4763,5859,3536
4764,5862,3538
4765,5863,3534
4766,5867,3533
4767,5873,3529
4768,5870,3525
4769,5872,3522
4770,5872,3524
4771,5870,3523
4772,5877,3528
4773,5885,3534
4774,5888,3531
4775,5894,3528
4776,5892,3524
4777,5898,3524
4778,5899,3530
4779,5898,3536
4780,5905,3538
4781,5912,3536
4782,5916,3540
4783,5921,3538
4784,5929,3533
4785,5934,3528
4786,5936,3532
4787,5941,3538
4788,5944,3538
4789,5943,3538
4790,5937,3539
4791,5940,3538
4792,5945,3534
4793,5953,3532
4794,5961,3538
4795,5968,3538
4796,5971,3540
4797,5967,3543
4798,5970,3544
4799,5969,3548
4800,5976,3543
4801,5983,3547
4802,5981,3552
4803,5989,3553
4804,5983,3552
4805,5988,3558
4806,5995,3555
4807,6001,3554
4808,6005,3560
4809,6008,3558
4810,6011,3553
4811,6014,3553
4812,6009,3551
4813,6005,3548
4814,6009,3548
4815,6006,3547
4816,6013,3542
4817,6011,3543
4818,6017,3548
4819,6020,3548
4820,6018,3552
4821,6022,3557
4822,6025,3554
4823,6021,3559
4824,6018,3556
4825,6014,3556
4826,6010,3558
4827,6013,3553
4828,6011,3553
4829,6013,3553
4830,6018,3550
4831,6018,3556
4832,6022,3552
4833,6016,3552
4834,6016,3547
4835,6014,3543
4836,6017,3541
4837,6018,3540
4838,6023,3536
4839,6023,3537
4840,6017,3543
4841,6013,3545
4842,6009,3550
4843,6007,3553
4844,6014,3555
4845,6021,3560
4846,6015,3560
4847,6012,3557
4848,6017,3562
4849,6021,3559
4850,6025,3559
4851,6021,3556
4852,6016,3551
4853,6012,3551
4854,6012,3550
4855,6007,3552
4856,6007,3547
4857,6002,3553
4858,5996,3557
4859,5992,3563
4860,5995,3565
4861,5994,3568
4862,5998,3563
4863,5992,3566
4864,5990,3565
4865,5988,3565
4866,5985,3563
4867,5979,3561
4868,5973,3560
4869,5977,3565
4870,5979,3567
4871,5980,3563
4872,5983,3569
4873,5984,3574
4874,5984,3573
4875,5990,3568
4876,5988,3564
4877,5985,3567
4878,5992,3570
4879,5986,3568
4880,5992,3571
4881,5988,3570
4882,5982,3571
4883,5980,3572
4884,5975,3575
4885,5976,3571
4886,5975,3574
4887,5979,3572
4888,5984,3572
4889,5992,3571
4890,5997,3574
4891,5992,3576
4892,6000,3572
4893,6008,3578
4894,6009,3573
4895,6005,3570
4896,6004,3567
4897,6000,3570
4898,6000,3570
4899,6003,3571
4900,6011,3570
4901,6007,3572
4902,6006,3577
4903,6005,3577
4904,6001,3577
4905,6003,3577
4906,6010,3577
4907,6018,3573
4908,6019,3575
4909,6025,3579
4910,6028,3585
4911,6027,3580
4912,6035,3584
4913,6030,3589
4914,6035,3590
4915,6033,3585
4916,6027,3585
4917,6022,3588
4918,6025,3591
4919,6020,3595
4920,6017,3598
4921,6018,3597
4922,6023,3598
4923,6020,3603
4924,6025,3606
4925,6031,3607
4926,6039,3605
4927,6037,3609
4928,6041,3612
4929,6043,3610
4930,6049,3616
4931,6044,3613
4932,6050,3619
4933,6052,3616
4934,6057,3617
4935,6054,3615
4936,6049,3620
4937,6044,3615
4938,6051,3615
4939,6059,3615
4940,6065,3619
4941,6067,3622
4942,6075,3622
4943,6081,3619
4944,6081,3624
4945,6088,3621
4946,6092,3619
4947,6087,3616
4948,6083,3612
4949,6083,3618
4950,6087,3624
4951,6093,3627
4952,6088,3623
4953,6089,3620
4954,6092,3621
4955,6091,3620
4956,6087,3625
4957,6093,3620
4958,6089,3617
4959,6096,3621
4960,6092,3626
4961,6090,3621
4962,6091,3624
4963,6085,3621
4964,6090,3627
4965,6093,3623
4966,6097,3620
4967,6098,3615
4968,6103,3617
4969,6101,3622
4970,6106,3620
4971,6100,3618
4972,6100,3615
4973,6097,3612
4974,6101,3613
4975,6101,3616
4976,6098,3622
4977,6103,3623
4978,6110,3621
4979,6111,3626
4980,6112,3626
4981,6109,3624
4982,6104,3624
4983,6110,3623
4984,6114,3623
4985,6122,3618
4986,6124,3620
4987,6130,3625
4988,6132,3631
4989,6138,3633
4990,6133,3635
4991,6131,3634
4992,6137,3636
4993,6140,3637
4994,6142,3632
4995,6147,3628
4996,6141,3629
4997,6144,3633
4998,6139,3629
4999,6144,3625
5000,6138,3629
5001,6143,3631
5002,6142,3629
5003,6150,3624
5004,6156,3620
5005,6151,3619
5006,6151,3616
5007,6152,3613
5008,6157,3615
5009,6165,3616
5010,6162,3618
5011,6167,3614
5012,6165,3620
5013,6159,3620
5014,6163,3626
5015,6157,3621
5016,6151,3619
5017,6156,3619
5018,6155,3615
5019,6163,3614
5020,6159,3616
5021,6165,3619
5022,6163,3618
5023,6165,3622
5024,6168,3624
5025,6167,3622
5026,6164,3623
5027,6172,3622
5028,6180,3626
5029,6188,3631
5030,6188,3626
5031,6188,3625
5032,6185,3628
5033,6180,3634
5034,6184,3634
5035,6187,3637
5036,6194,3634
5037,6191,3630
5038,6193,3629
5039,6191,3633
5040,6197,3637
5041,6201,3632
5042,6199,3627
5043,6197,3629
5044,6194,3628
5045,6199,3632
5046,6197,3632
5047,6199,3636
5048,6201,3633
5049,6197,3630
5050,6194,3625
5051,6199,3631
5052,6195,3633
5053,6194,3630
5054,6196,3635
5055,6200,3638
5056,6196,3640
5057,6192,3642
5058,6196,3640
5059,6203,3642
5060,6204,3644
5061,6204,3642
5062,6198,3644
5063,6195,3643
5064,6202,3649
5065,6210,3654
5066,6211,3652
5067,6215,3652
5068,6211,3651
5069,6212,3654
5070,6212,3655
5071,6206,3654
5072,6202,3653
5073,6199,3651
5074,6206,3646
5075,6201,3645
5076,6205,3647
5077,6213,3650
5078,6215,3651
5079,6215,3649
5080,6217,3649
5081,6212,3651
5082,6220,3647
5083,6227,3653
5084,6224,3654
5085,6222,3655
5086,6227,3657
5087,6231,3657
5088,6239,3653
5089,6247,3650
5090,6254,3655
5091,6249,3652
5092,6249,3654
5093,6253,3655
5094,6260,3653
5095,6255,3659
5096,6255,3665
5097,6249,3671
5098,6252,3669
5099,6255,3675
5100,6257,3679
5101,6259,3682
5102,6253,3686
5103,6254,3687
5104,6258,3687
5105,6266,3692
5106,6263,3689
5107,6264,3692
5108,6263,3688
5109,6264,3685
5110,6259,3691
5111,6262,3688
5112,6263,3690
5113,6269,3692
5114,6269,3689
5115,6277,3692
5116,6279,3692
5117,6282,3690
5118,6289,3687
5119,6292,3684
5120,6292,3684
5121,6292,3680
5122,6293,3686
5123,6288,3683
5124,6284,3681
5125,6281,3685
5126,6281,3690
5127,6289,3690
5128,6297,3691
5129,6299,3696
5130,6303,3700
5131,6297,3703
5132,6303,3704
5133,6309,3700
5134,6312,3701
5135,6308,3698
5136,6313,3703
5137,6309,3704
5138,6303,3701
5139,6307,3705
5140,6310,3707
5141,6305,3702
5142,6309,3701
5143,6311,3698
5144,6312,3701
5145,6313,3702
5146,6317,3706
5147,6323,3712
5148,6322,3712
5149,6321,3713
5150,6323,3711
5151,6321,3710
5152,6325,3715
5153,6329,3711
5154,6327,3713
5155,6330,3718
5156,6330,3713
5157,6336,3708
5158,6335,3703
5159,6336,3709
5160,6335,3704
5161,6341,3703
5162,6346,3699
5163,6345,3704
5164,6347,3703
5165,6347,3707
5166,6350,3707
5167,6358,3711
5168,6365,3706
5169,6371,3710
5170,6368,3706
5171,6373,3709
5172,6367,3711
5173,6368,3708
5174,6375,3710
5175,6372,3715
5176,6378,3719
5177,6374,3714
5178,6376,3709
5179,6373,3707
5180,6375,3713
5181,6378,3716
5182,6386,3719
5183,6392,3725
5184,6398,3724
5185,6399,3721
5186,6403,3722
5187,6402,3721
5188,6408,3721
5189,6407,3726
5190,6415,3723
5191,6418,3724
5192,6413,3723
5193,6414,3727
5194,6415,3722
5195,6422,3724
5196,6429,3725
5197,6427,3730
5198,6433,3731
5199,6429,3733
5200,6425,3738
5201,6431,3739
5202,6431,3737
5203,6426,3743
5204,6426,3744
5205,6428,3741
5206,6436,3743
5207,6431,3743
5208,6425,3739
5209,6429,3742
5210,6436,3737
5211,6443,3734
5212,6439,3735
5213,6435,3741
5214,6430,3745
5215,6424,3741
5216,6427,3742
5217,6422,3744
5218,6422,3741
5219,6417,3744
5220,6416,3746
5221,6420,3743
5222,6425,3743
5223,6425,3740
5224,6432,3744
5225,6429,3739
5226,6423,3741
5227,6431,3745
5228,6434,3740
5229,6433,3739
5230,6436,3737
5231,6442,3733
5232,6441,3735
